0.29908,0.045399,0.10532,0.1022,0.19836,0.27787,0.053921,0.046873,0.05792,0.026726,0.02663,0.042321,0.012733,0.27797,0.021146,0.00426,0.2778,0.20708,0.51569
0.18437,0.080554,0.11925,0.11017,0.096524,0.45153,0,0.075338,0.092936,0.072475,0.032249,0.044918,0.0083494,0.35715,0,0,0.52518,0.080658,0.69169
0.0091317,0.18097,0.061544,0.19061,0.018986,0.036866,0.0081329,0.066395,0.011683,0.017194,0.012996,0.016399,0.0056736,0.043104,0.22481,0.027283,0.011438,0.0347,0.23344
0.020914,0.34247,0.066951,0.11187,0.073077,0.12609,0.013902,0.028958,0.061089,0.01848,0.018729,0.020056,0.0086909,0.052399,0.22241,0.051812,0.0073714,0.082696,0.29743
0.0038056,0.027007,0.025876,0.45462,0.10314,0.45184,0,0.064503,0.043997,0.11187,0.035017,0.020659,0,0,0.04342,0.29658,0.18747,0.06778,0.55091
0.04741,0.016288,0.082203,0.21401,0.17496,0.45362,0.0030036,0.019888,0.046284,0.06964,0.052024,0.049525,0.007283,0.012136,0.018052,0.23123,0.11993,0.082279,0.51699
0.081462,0.062087,0.17779,0.13276,0.59124,0.11886,0.010227,0.034034,0.066629,0.059533,0.077494,0.056198,0.0050717,0,0,0.28633,0.19741,0.0043103,0.76785
0.066872,0.02467,0.11765,0.12025,0.48652,0.30347,0.07766,0.028929,0.052418,0.047663,0.099462,0.059573,0,0.0076808,0,0.32942,0.4167,0.07387,0.79152
0.0017621,0.0036517,0.11735,0.017594,0.049184,0.075133,0.0033218,0.00093475,0.13861,0.017468,0.02748,0.058408,0,0,0.0033832,0.0036798,0.19198,0.19357,0.53888
0.0011916,0.0031411,0.032466,0.14139,0.088823,0.077813,0.0050396,0.0059957,0.046686,0.065135,0.071283,0.066011,0,0.00077549,0.0028934,0.016759,0.20745,0.20498,0.57899
0.020603,0.029796,0.062826,0.19161,0.30288,0.35007,0.052725,0.0018468,0.039415,0.047274,0.030092,0.044985,0.017022,0.0020934,0.24704,0,0.077005,0.21065,0.49511
0.090067,0.12588,0.092659,0.30345,0.3035,0.075029,0.037466,0.0091783,0.054179,0.033796,0.025914,0.042661,0.01783,0.019102,0.22088,0.020726,0.025568,0.25492,0.43554
0.014768,0.023893,0.071532,0.20142,0.05633,0.11068,0.0052283,0.24089,0.018295,0.037656,0.041138,0.045846,0,0.045198,0,0.25516,0.2165,0.025848,0.46557
0.031933,0.057789,0.055621,0.21576,0.087675,0.15666,0.0069953,0.20473,0.013587,0.042689,0.022938,0.031716,0.038665,0.0059925,0.01038,0.21346,0.0054035,0.13299,0.39968
0.055522,0.026213,0.041289,0.10376,0.047957,0.030839,0.0086974,0.027633,0.033221,0.037671,0.019069,0.018402,0.0093784,0.22302,0.018315,0.019094,0.20558,0.01475,0.24397
0.060393,0.053608,0.11254,0.058771,0.059336,0.1017,0.04709,0.044153,0.027506,0.043095,0.040295,0.02934,0.0061708,0.26735,0.030305,0.056128,0.21232,0.023508,0.36529
0.016603,0.12197,0.053802,0.057206,0.13666,0.36087,0.0071543,0.11547,0.036219,0.053531,0.045047,0.047202,0,0.36558,0.10233,0,0.031131,0.40363,0.67226
0.017758,0.0041168,0.052392,0.11287,0.15742,0.19546,0.036429,0.036764,0.050174,0.031367,0.067557,0.11539,0,0.29442,0,0,0.14712,0.48109,0.78134
0.018064,0.0018576,0.059903,0.053325,0.12311,0.057991,0.019738,0,0.076306,0.040917,0.046607,0.04375,0.27378,0,0.24897,0.27015,0.018938,0.10439,0.51323
0.044975,0.031728,0.023515,0.056828,0.083819,0.064728,0.078112,0.016184,0.031303,0.073822,0.056861,0.042645,0.3254,0.0020776,0.0083906,0.2084,0.11087,0.013077,0.48023
0.019714,0.059071,0.038375,0.077971,0.05225,0.16668,0.020516,0.014095,0.035351,0.020333,0.021807,0.013377,0.011677,0.19815,0.0096553,0.040616,0.010745,0.024324,0.23779
0.04445,0.13398,0.070893,0.037241,0.11163,0.022824,0.01484,0.020847,0.032048,0.022675,0.007056,0.015248,0.020327,0.18159,0.022896,0.020366,0.012185,0.0095206,0.17926
0.015237,0.021044,0.03246,0.10571,0.028231,0.040739,0.0075435,0.17768,0.016956,0.034611,0.025661,0.017739,0.011449,0.0067738,0.072213,0.035574,0.033387,0.2257,0.26913
0.0092627,0.068106,0.066851,0.080426,0.061083,0.097473,0.0026482,0.26015,0.035971,0.026977,0.011636,0.013868,0.0078417,0.054694,0.03041,0.047551,0.025176,0.066312,0.3078
0.28216,0.0043081,0.22855,0.12586,0.12743,0.40811,0.057521,0.026651,0.035167,0.032757,0.073833,0.039588,0.30933,0.011386,0.062161,0.01145,0.018865,0.14122,0.55734
0.036399,0.014274,0.086723,0.12034,0.19684,0.3244,0.021144,0.0083767,0.033199,0.066693,0.039037,0.048072,0.27382,0.010115,0.071839,0.063947,0.058579,0.16551,0.44962
0.28364,0.010055,0.10486,0.21485,0.099414,0.076481,0.077931,0.0013838,0.065808,0.034034,0.041701,0.037435,0.29888,0,0.010686,0.054135,0.18358,0.023284,0.4571
0.28635,0.023929,0.14779,0.10972,0.10332,0.10855,0.054014,0.012952,0.041038,0.036636,0.028181,0.025757,0.29008,0.014063,0.16878,0.0089044,0.086474,0.16429,0.43461
0.020968,0.0073268,0.011528,0.19676,0.05942,0.052243,0.011118,0.010278,0.035649,0.05818,0.039051,0.037859,0.27043,0.011419,0.07469,0.043466,0.014338,0.1091,0.41982
0.084117,0.033557,0.060509,0.12639,0.064378,0.18324,0.051116,0.13873,0.099739,0.04633,0.03615,0.034074,0.2691,0.019333,0.028848,0.034455,0.033848,0.055066,0.41995
0.20969,0.078535,0.035469,0.19395,0.42408,0.1847,0.12622,0.0534,0.047229,0.058652,0.035977,0.044758,0.057784,0.25122,0.035586,0.085349,0.017719,0.068212,0.47888
0.22866,0.075576,0.13773,0.05603,0.25848,0.14626,0.042854,0.24383,0.019935,0.016532,0.057994,0.024972,0.0054875,0.28461,0,0.0047009,0.062029,0.18913,0.63444
0.010254,0.0048194,0.096288,0.07789,0.18154,0.14364,0.050821,0,0.033577,0.095207,0.087578,0.044927,0,0,0.27589,0.29534,0.44557,0,0.82196
0.01737,0.010549,0.063635,0.099208,0.16787,0.13966,0.034563,0.014066,0.054428,0.039274,0.074528,0.058247,0,0.0050516,0,0.26985,0.63026,0,0.69327
0.24,0.28572,0.084383,0.10827,0.1691,0.054168,0.028317,0.064792,0.052637,0.029189,0.02615,0.033357,0.18344,0.098619,0.027262,0.020171,0.021882,0.30293,0.37007
0.28605,0.12036,0.077469,0.061899,0.11551,0.077042,0.018872,0.013669,0.052659,0.050805,0.02522,0.021778,0.034938,0.016988,0.025084,0.003924,0.043051,0.25157,0.3229
0.022025,0.0060072,0.078513,0.16261,0.61215,0.20281,0.015818,0.0083578,0.12365,0.035207,0.078483,0.080681,0,0,0.0089491,0,0.5655,0.31986,0.83276
0.042189,0.048156,0.08951,0.19764,0.48433,0.18857,0.030299,0.02693,0.12802,0.062031,0.069088,0.081815,0.0041392,0,0.0062785,0.013999,0.40811,0.049739,0.81622
0.009062,0.045087,0.046842,0.066036,0.13278,0.18002,0.022638,0.076735,0.036406,0.092553,0.068903,0.050497,0,0.3405,0.0090458,0.28426,0.2347,0.10405,0.66894
0.0014162,0.011611,0.046901,0.096041,0.055317,0.17923,0.011793,0.029108,0.073163,0.069047,0.061043,0.079253,0,0.29076,0.11962,0.30996,0.014402,0.047162,0.63966
0.32648,0.019418,0.11313,0.084534,0.30018,0.12483,0.041483,0.038178,0.01626,0.030948,0.048235,0.059922,0.32554,0,0.37649,0.0098921,0.036415,0,0.61092
0.03226,0.0026119,0.15913,0.14196,0.25426,0.18515,0.01929,0.0036122,0.031957,0.046481,0.10733,0.048239,0.29938,0,0.31387,0.0079763,0.13294,0.10929,0.75169
0.11701,0.033637,0.10334,0.066361,0.12431,0.13361,0.52501,0,0.017137,0.075129,0.052711,0.041708,0.014155,0.0040394,0.018825,0.19327,0.038208,0.29956,0.52016
0.039037,0.014655,0.20631,0.054451,0.08912,0.044708,0.43215,0.023858,0.099829,0.048049,0.031483,0.047497,0.03578,0,0.1823,0.033793,0.059622,0.12286,0.49982
0.0042317,0.010253,0.46055,0.027358,0.094916,0.13018,0.0062334,0.015178,0.1015,0.015449,0.051557,0.03186,0.0016375,0.000981,0.39191,0.0038892,0.043041,0.042718,0.49713
0.042749,0.098302,0.37601,0.18417,0.16041,0.061762,0.0051408,0.0076833,0.045935,0.032765,0.04388,0.033192,0.0052634,0.017632,0.33661,0.038353,0.052008,0.027775,0.42928
0.29211,0.015849,0.33396,0.072528,0.19767,0.091915,0.034767,0.011428,0.031375,0.045906,0.051747,0.051227,0.033243,0.020904,0.1549,0.020363,0.51611,0.0023678,0.53239
0.018569,0,0.38503,0.057971,0.12412,0.17901,0.012081,0.0066073,0.099304,0.030761,0.05828,0.054706,0.0037077,0.001314,0.18564,0.014848,0.4303,0.0030339,0.52207
0.25772,0.071877,0.11411,0.07187,0.35405,0.059365,0.044338,0.051964,0.034328,0.017211,0.026922,0.031596,0.042167,0.0027552,0.28837,0.019939,0.061879,0.049119,0.39584
0.24177,0.0028617,0.19365,0.08982,0.29295,0.094628,0.023388,0.00042684,0.084032,0.022251,0.028986,0.026325,0.049071,0.00074558,0.094349,0.009323,0.10959,0.035255,0.39308
0.24524,0.024028,0.37537,0.047396,0.2067,0.10662,0.007388,0.061093,0.08211,0.039016,0.036806,0.046961,0.0020416,0.27335,0.03826,0.0026466,0.11142,0.14099,0.49814
0.019183,0.046209,0.51736,0.041218,0.18901,0.11622,0.019726,0.035636,0.066193,0.011641,0.046837,0.049073,0.035501,0.31396,0.13156,0.010066,0.10537,0.10135,0.4867
0.010734,0.03339,0.063727,0.3664,0.3294,0.25669,0.030651,0.072924,0.066767,0.031547,0.043485,0.037571,0,0.29829,0.035155,0.10601,0.12831,0.32361,0.69671
0.016481,0.018015,0.13121,0.39023,0.3344,0.24818,0.13463,0.028595,0.023342,0.032502,0.049859,0.086458,0,0.023447,0.13963,0.30576,0.087885,0.36009,0.78744
0.074366,0.2549,0.023453,0.075224,0.058917,0.090098,0.013448,0.01386,0.018227,0.022157,0.0072025,0.011471,0.050521,0.027909,0.021108,0.047428,0.015339,0.017648,0.18268
0.20677,0.22026,0.075924,0.06364,0.067821,0.047593,0.020093,0.036795,0.024593,0.021775,0.020591,0.018093,0.045842,0.034613,0.059519,0.025658,0.043054,0.036839,0.22142
0.078686,0.0097651,0.025328,0.12899,0.027885,0.033298,0.012619,0.009255,0.031472,0.04671,0.017065,0.017999,0.015735,0.0045018,0.24766,0.038411,0.01116,0.017404,0.20195
0.022289,0.02015,0.049555,0.24514,0.080668,0.068541,0.014455,0.0049127,0.028056,0.030427,0.021713,0.019218,0.0054336,0.0094562,0.29234,0.10681,0.041352,0.03756,0.26509
0.004082,0.025223,0.060791,0.069169,0.10434,0.37058,0.022304,0,0.13821,0.039207,0.070583,0.085357,0.0043089,0,0,0,0,0.4014,0.82319
0.08462,0.023023,0.18351,0.098057,0.31184,0.31531,0.011892,0.032453,0.050835,0.051884,0.085153,0.092112,0.003681,0,0.0026181,0.0027481,0,0.42754,0.79145
0.21465,0.025128,0.11588,0.054182,0.10832,0.034535,0.037792,0.18302,0.024391,0.010215,0.013775,0.010991,0.084047,0.01716,0.036681,0.036711,0.037489,0.030665,0.24198
0.21699,0.023714,0.087336,0.064367,0.059329,0.06034,0.026959,0.0061896,0.042614,0.017728,0.022031,0.015741,0.18738,0.01224,0.041745,0.020462,0.017298,0.0081409,0.23702
0.058784,0.1415,0.32529,0.041963,0.10216,0.34703,0.016733,0.098381,0.039775,0.022887,0.039749,0.034314,0,0.029787,0.34587,0.34226,0.069241,0.042385,0.56015
0.0084321,0.0021292,0.19653,0.064649,0.061639,0.12948,0,0,0.068939,0.025647,0.052988,0.059413,0.00095565,0,0.38767,0.27897,0.12836,0.031117,0.54077
0.0077303,0.0075303,0.044149,0.21382,0.036414,0.027014,0.010329,0.0047192,0.020236,0.025008,0.021884,0.021544,0.0026912,0.004817,0.082951,0.038273,0.0078,0.18793,0.23585
0.0056703,0.017522,0.10333,0.21651,0.05935,0.080765,0.0077922,0.011499,0.032268,0.030991,0.031339,0.02815,0.0031399,0.013058,0.024169,0.036524,0.11987,0.21773,0.2994
0.008465,0.011021,0.016957,0.015567,0.010402,0.0060724,0.010126,0.0036506,0.0055532,0.010599,0.0060162,0.004909,0.014158,0.0076151,0.00816,0.014877,0.0022092,0.002624,0.064158
0.0097451,0.012521,0.048672,0.056012,0.010725,0.035378,0.0044342,0.0046713,0.030585,0.0091746,0.0032605,0.0039589,0.0077821,0.0096133,0.013689,0.028008,0.0051007,0.0050625,0.096407
0.0010491,0.0032054,0.08608,0.083944,0.20127,0.095603,0.013209,0.023893,0.05978,0.056809,0.072258,0.072066,0.3072,0,0.011393,0,0.057665,0.33418,0.78937
0.089317,0.08656,0.13624,0.22413,0.21789,0.22595,0.041894,0.024719,0.04113,0.033486,0.078485,0.064888,0.34569,0.066886,0.024684,0.0013773,0.013937,0.49855,0.65685
0.0062041,0,0.22513,0.085621,0.038687,0.061664,0.018091,0.0073976,0.058846,0.029551,0.066659,0.045524,0.27485,0,0.095412,0.014852,0.072732,0.0052481,0.53112
0.032228,0.016781,0.12052,0.074483,0.074323,0.074129,0.025993,0.015351,0.077332,0.042762,0.050557,0.041109,0.2733,0.00078666,0.037768,0.03685,0.16501,0.21836,0.49627
0.20099,0.0047599,0.032651,0.024408,0.094785,0.13264,0.0076469,0.0079071,0.038027,0.079006,0.056805,0.059669,0.0066822,0.0023393,0.0051304,0.082177,0.1838,0.22079,0.52228
0.26835,0.01972,0.096118,0.055678,0.12216,0.052957,0.061874,0.014982,0.029008,0.033678,0.052807,0.049113,0.023117,0,0.055481,0.025278,0.40628,0.15304,0.43985
0.60195,0.011341,0.13581,0.048948,0.22655,0.10193,0.050433,0.014163,0.052283,0.023789,0.065577,0.034083,0.15124,0.019302,0.04315,0.013115,0.15181,0.21838,0.54785
0.57246,0.020027,0.1715,0.11428,0.14765,0.12579,0.099104,0.027424,0.043905,0.044929,0.039206,0.034035,0.07442,0.017874,0.071301,0.026033,0.31723,0.058359,0.48874
0.25792,0.065642,0.19799,0.049677,0.28071,0.12873,0.011109,0.028078,0.072771,0.020191,0.035515,0.032458,0.010144,0.0041149,0.056313,0.0088336,0.031933,0.39202,0.44261
0.26413,0.0064247,0.21882,0.083838,0.10469,0.20485,0.024481,0.0078423,0.049535,0.045882,0.041637,0.04285,0.031157,0.0037864,0.13471,0.0087156,0.049733,0.18859,0.42983
0.0064511,0.17922,0.016272,0.038631,0.063064,0.081821,0.012799,0.02903,0.047168,0.073582,0.040225,0.030364,0.0096165,0.097515,0.0082576,0.007442,0.0046526,0.24075,0.39998
0.0046158,0.2541,0.11854,0.10649,0.11157,0.16655,0.0036269,0.032667,0.02649,0.035832,0.015393,0.038719,0.0025642,0.01041,0.026002,0.14147,0.036363,0.22476,0.37466
0.0034379,0.0056939,0.088804,0.043251,0.089569,0.045346,0.0013433,0.0049682,0.041985,0.03528,0.028371,0.03741,0,0,0.20513,0.21728,0.011811,0.0038133,0.51425
0.014995,0.029071,0.063613,0.19853,0.081199,0.076797,0.0073937,0.091444,0.033344,0.068403,0.046661,0.073589,0,0.015421,0.27018,0.26051,0.024307,0.07974,0.48914
0.079657,0.0059101,0.33174,0.12276,0.18669,0.15461,0.23268,0.020219,0.068405,0.034169,0.030747,0.0071978,0.030614,0,0.050745,0.015923,0.09909,0.22746,0.41358
0.099486,0.0067877,0.38162,0.027935,0.19986,0.10081,0.032207,0.050762,0.080376,0.035123,0.034754,0.055066,0.0037582,0.0013051,0.04481,0.0049307,0.21543,0.20047,0.49317
0.12412,0.017721,0.066856,0.13527,0.46366,0.1319,0.013607,0.016588,0.063495,0.045116,0.071436,0.045184,0.019112,0.0066761,0.0057022,0.57557,0.087066,0.24571,0.6733
0.020359,0.28169,0.15397,0.092276,0.3803,0.21077,0.047487,0.003539,0.054387,0.0345,0.079174,0.071807,0.13083,0.017878,0.10784,0.62301,0.053053,0.035244,0.72027
0.011749,0.015161,0.041801,0.075028,0.15013,0.11194,0,0.072598,0.032726,0.052422,0.089258,0.11406,0.0038175,0.0045555,0.28997,0,0.12673,0.50038,0.8391
0.050319,0.011779,0.053242,0.054738,0.095218,0.18009,0.035069,0.020412,0.15815,0.084155,0.077036,0.061192,0,0.0033501,0.27149,0.01012,0.18238,0.37925,0.6848
0.032944,0.38877,0.13309,0.11975,0.10044,0.15338,0.019281,0.063589,0.024419,0.039617,0.036575,0.067007,0.0027747,0.07688,0,0.013184,0.15951,0.51448,0.56281
0.036043,0.32153,0.14371,0.061598,0.18549,0.26275,0.0010445,0.049938,0.041033,0.037845,0.035406,0.053638,0.0025992,0.019705,0.048925,0.0072343,0.021308,0.37858,0.5296
0.016191,0.0025812,0.016981,0.11524,0.051045,0.10503,0.0011534,0.0051963,0.012741,0.059197,0.039746,0.05065,0,0,0.01137,0.21003,0.0025586,0.18171,0.53057
0,0.0062471,0.024587,0.054027,0.069956,0.16092,0.0043434,0.013606,0.031199,0.17587,0.095669,0.063246,0,0.0022646,0.0055341,0.39456,0.01337,0.21725,0.56178
0.014764,0.016224,0.35029,0.077143,0.1414,0.34382,0.014175,0.012302,0.041626,0.020879,0.091105,0.075893,0,0,0.024317,0.40636,0.19346,0.024676,0.78704
0.03167,0.030767,0.16721,0.22513,0.17937,0.4868,0.015006,0.011973,0.093905,0.038145,0.058476,0.083903,0.0037074,0,0.0086154,0.362,0.099979,0.20931,0.82307
0.033946,0.0041941,0.1134,0.082631,0.2035,0.16415,0.27867,0.0075462,0.050264,0.079455,0.051053,0.056053,0,0.014959,0.02243,0,0.44033,0,0.81653
0.0073967,0.011636,0.041641,0.22347,0.13865,0.11686,0.52838,0.0062667,0.11621,0.10914,0.08654,0.098133,0.056226,0,0.032841,0.12587,0.40109,0.18045,0.72465
0.026748,0.11459,0.62507,0.05238,0.21127,0.10575,0.087279,0.010728,0.087199,0.018678,0.053101,0.038973,0.011828,0.0057264,0.19229,0.020744,0.30935,0.038354,0.50656
0.053062,0.070257,0.55659,0.029295,0.21792,0.11941,0.036816,0.039678,0.092216,0.063248,0.069188,0.052578,0,0.096873,0.046945,0.019551,0.51437,0.081255,0.6741
0.11885,0.016997,0.16107,0.09384,0.1767,0.074814,0.065665,0.0075748,0.045258,0.024856,0.022186,0.03458,0.34929,0.014278,0.037268,0.033047,0.13785,0.015703,0.34025
0.055679,0.0081131,0.04495,0.07662,0.13807,0.088752,0.022631,0.0054489,0.040145,0.088207,0.050576,0.044667,0.24038,0.0037842,0.036366,0.023372,0.24235,0.0042658,0.42579
0.0020153,0.27694,0.083629,0.049787,0.1345,0.27262,0.0056348,0.048224,0.088932,0.052461,0.022795,0.048918,0.058615,0.033334,0.21192,0.24494,0.026851,0.15091,0.49238
0.025628,0.27746,0.038181,0.11348,0.1355,0.095281,0.0013553,0.023888,0.04715,0.10939,0.05292,0.041238,0.016892,0.019295,0.2579,0.017039,0.045256,0.15593,0.51909
0.0032964,0.015139,0.15263,0.081166,0.021062,0.12641,0,0.004545,0.017382,0.33409,0.084153,0.013972,0,0.0078188,0.026279,0.075122,0.32369,0.22242,0.5502
2.0275e-05,0.0012594,0.016364,0.14199,0.078802,0.10116,0.00074781,0.018891,0.020008,0.12463,0.042835,0.043067,0,0,0.0024029,0.29096,0.29452,0.18111,0.54898
0.43915,0.075537,0.055553,0.10298,0.11701,0.097705,0.050605,0.049157,0.084515,0.024728,0.023886,0.023859,0.032263,0.40924,0.025196,0.035802,0.03664,0.11184,0.37634
0.39342,0.045397,0.20715,0.062807,0.15485,0.13501,0.040982,0.060573,0.04212,0.039721,0.026393,0.020444,0.10444,0.26945,0.1128,0.034105,0.057737,0.022326,0.37184
0.023687,0.015642,0.080814,0.060004,0.059902,0.14233,0.0088786,0.013486,0.024973,0.052541,0.048276,0.02245,0.001555,0.0064682,0.21305,0.026543,0.17425,0.016655,0.36771
0.087816,0.04412,0.16927,0.071701,0.071673,0.03283,0.016697,0.017408,0.054295,0.05313,0.032071,0.024069,0.033175,0.0065004,0.25758,0.011523,0.21915,0.025174,0.30783
0.13044,0.016011,0.33101,0.039459,0.26655,0.098085,0.11192,0.040051,0.027739,0.026811,0.039176,0.050636,0.0030718,0,0.31034,0,0.17014,0.18748,0.56247
0.086292,0.015646,0.23455,0.079668,0.28239,0.20681,0.034457,0.044449,0.091003,0.020881,0.039913,0.039024,0.0078958,0.0013883,0.40821,0.10872,0.025613,0.25223,0.53115
0.019132,0.052745,0.25304,0.043134,0.13579,0.082529,0.051634,0.018655,0.070639,0.019293,0.041084,0.043023,0.0013038,0.24774,0.088441,0.01093,0.12044,0.21665,0.40867
0.028327,0.086156,0.28728,0.035978,0.085594,0.26573,0.03105,0.027693,0.028546,0.034006,0.023898,0.026809,0.015562,0.21677,0.03024,0.038658,0.071654,0.074166,0.36419
0.054354,0.032661,0.031441,0.077588,0.043731,0.055006,0.0065576,0.013866,0.057319,0.0492,0.0181,0.023883,0.017919,0.015001,0.0085618,0.22889,0.016515,0.21062,0.28921
0.047295,0.02359,0.16536,0.051883,0.10117,0.030739,0.055645,0.015012,0.028939,0.032348,0.026272,0.016121,0.014612,0.019868,0.049289,0.20787,0.016055,0.1416,0.25271
0.0030559,0.0041613,0.17358,0.027766,0.077079,0.10771,0,0.0054167,0.075553,0.02339,0.064282,0.042166,0,0,0.19524,0.0012286,0.0015038,0.1908,0.59933
0.0018307,0.0037188,0.049952,0.1523,0.091737,0.054649,0.050998,0.015742,0.041049,0.092642,0.04118,0.029587,0.0012706,0.012614,0.26828,0.019372,0.0022859,0.19145,0.51079
0.047563,0.023865,0.07478,0.17968,0.30146,0.16534,0.02007,0.0084069,0.063332,0.056406,0.087977,0.057348,0.0044781,0,0.27957,0,0.64584,0,0.81918
0.19122,0.01048,0.13644,0.2034,0.35983,0.18943,0,0.031002,0.093854,0.039794,0.073764,0.024207,0,0,0.28062,0,0.43048,0.21803,0.77564
0.19375,0.022751,0.043595,0.26502,0.3759,0.11521,0.039306,0.0089273,0.041273,0.027212,0.040131,0.045821,0.34677,0.0055586,0,0.015623,0.075923,0.2287,0.53742
0.053493,0.036108,0.06889,0.2713,0.35186,0.21347,0.060787,0.024392,0.03079,0.032763,0.05685,0.052021,0.28479,0.011009,0.01651,0.13394,0.11823,0.033745,0.59616
0.015956,0.25413,0.080232,0.27545,0.12222,0.25544,0.04078,0.042499,0.015424,0.03416,0.04678,0.051705,0.0036261,0.23533,0.23968,0.085002,0.047787,0.061678,0.48705
0.056312,0.37215,0.059928,0.46595,0.059468,0.24373,0.038062,0.066677,0.029204,0.078586,0.027854,0.05171,0.0071225,0.04243,0.33332,0.10694,0.084126,0.14371,0.57658
0.023353,0.016478,0.086635,0.037877,0.025244,0.043094,0.015487,0.0061277,0.035816,0.031704,0.024784,0.022905,0.0091389,0.014268,0.015661,0.42493,0.02673,0.01866,0.25111
0.0093584,0.0084329,0.049776,0.085892,0.052864,0.11835,0.0096972,0.021999,0.039076,0.092375,0.05431,0.032169,0.0044853,0.007214,0.022984,0.30233,0.020594,0.02338,0.3863
0.26986,0.0056727,0.12924,0.12636,0.24384,0.15059,0.025547,0.0048599,0.026913,0.062662,0.090913,0.060058,0,0,0,0,0.30152,0.54901,0.7223
0.14309,0.0082749,0.024286,0.099202,0.1133,0.38646,0.051124,0.010547,0.081375,0.024002,0.07454,0.075983,0.027904,0.01223,0,0,0.36076,0.41545,0.79023
0.0093438,0.0093172,0.0045335,0.095869,0.10841,0.11631,0.030334,0.011704,0.019603,0.11167,0.043314,0.059866,0.01312,0.006923,0.0014544,0.52916,0.23784,0.0025589,0.5451
0.021178,0.0020887,0.10186,0.060491,0.073658,0.048594,0.01342,0.0076171,0.043276,0.071186,0.059216,0.05002,0,0,0.017477,0.69575,0.026889,0.064514,0.47014
2.9488e-07,0.057725,0.069554,0.25265,0.38195,0.15337,0.01162,0.036898,0.043502,0.078249,0.048761,0.04608,0.0076607,0,0.31207,0.28067,0.0026916,0.013463,0.55199
0.016835,0.037709,0.037036,0.42533,0.15242,0.23349,0.021078,0.0057383,0.028069,0.05245,0.059216,0.034939,0,0.0012822,0.24916,0.23603,0.065574,0.088016,0.49822
0.0038841,0.006975,0.38704,0.037461,0.26349,0.15848,0.0012685,0.0018973,0.14981,0.030187,0.038498,0.059378,0,0,0.15138,0.0040735,0.014218,0.20905,0.55191
0.0082616,0.0077323,0.33093,0.066327,0.35773,0.09997,0.012657,0.0077257,0.070434,0.044907,0.039425,0.05774,0,0,0.06286,0.014148,0.0079618,0.45115,0.59425
0.027933,0.030899,0.129,0.070977,0.099319,0.13376,0.029109,0.028184,0.040763,0.070651,0.093824,0.081762,0,0,0,0.60073,0.037468,0.39358,0.81884
0.0058053,0,0.047248,0.047269,0.12598,0.11877,0.010054,0.0031377,0.034275,0.026756,0.06945,0.12402,0,0,0,0.30064,0,0.21127,0.8626
0.22666,0.041713,0.10492,0.10663,0.17287,0.16217,0.13442,0.025763,0.041605,0.030697,0.039167,0.036724,0.0091201,0.0049931,0.0091949,0.25864,0.24412,0.037254,0.51511
0.29238,0.010732,0.089054,0.048291,0.33085,0.15142,0.24446,0.014475,0.044542,0.029315,0.045201,0.024741,0.20782,0.023601,0.089519,0.29866,0.21127,0.046628,0.56384
0.21356,0.0060254,0.01997,0.45863,0.089024,0.19078,0.042984,0.030727,0.024997,0.064714,0.053695,0.036353,0,0,0.0034939,0.15679,0.35073,0.069194,0.48566
0.038285,0.025447,0.078884,0.53134,0.13316,0.13628,0.011046,0.036284,0.050725,0.051977,0.037541,0.046755,0.0022419,0,0.026662,0.13178,0.20784,0.060551,0.50325
0.0072104,0.23312,0.40846,0.11163,0.20656,0.09814,0.010095,0.047962,0.04279,0.026709,0.055185,0.044838,0.0065377,0,0.14157,0.0058047,0.096102,0.28836,0.47122
0.0019108,0.15738,0.22396,0.086318,0.1255,0.1595,0.013122,0.11731,0.061936,0.013685,0.039409,0.040646,0.0050764,0.0019053,0.29674,0.0030011,0.092682,0.22327,0.44772
0.2901,0.064752,0.086491,0.082073,0.46082,0.21521,0.059825,0.0029489,0.036331,0.044794,0.083299,0.047991,0.012698,0.019627,0.016393,0,0.40352,0.041195,0.70747
0.29435,0.0028154,0.062171,0.12814,0.20578,0.13346,0.063244,0.0088758,0.041258,0.039149,0.096449,0.046494,0.050113,0,0.0212,0.029208,0.50545,0.065733,0.68581
0.028996,0.053769,0.37057,0.029033,0.16189,0.065869,0.045578,0.025153,0.10631,0.041077,0.059115,0.046253,0.0043407,0,0.64688,0.011348,0.13506,0.014499,0.54254
0.014615,0.024871,0.30596,0.11273,0.33712,0.20182,0.016641,0.0067098,0.076191,0.017674,0.053828,0.074403,0.0050963,0,0.58518,0.0032794,0.026477,0.072245,0.60884
0.037641,0.47434,0.044284,0.15024,0.084136,0.17406,0.012367,0.048258,0.039088,0.030058,0.03034,0.032923,0.017788,0.092648,0.010225,0.24568,0.087856,0.072447,0.3702
0.048579,0.41999,0.049649,0.26946,0.11522,0.18474,0.1143,0.047503,0.043621,0.044017,0.039339,0.040816,0.017302,0.16072,0.016809,0.099913,0.044589,0.13615,0.42538
0.012827,0.0096241,0.050137,0.035015,0.068408,0.031087,0.018043,0.0069239,0.17341,0.02886,0.020966,0.012367,0.0088092,0.0042194,0.047313,0.011345,0.17995,0.015408,0.25507
0.012086,0.069896,0.068983,0.052392,0.031464,0.068441,0.015716,0.042101,0.022322,0.023355,0.017286,0.015499,0.0063373,0.018803,0.028698,0.033636,0.2061,0.024978,0.2115
0.070849,0.034324,0.095127,0.034063,0.21284,0.081115,0.061589,0.020396,0.41734,0.027262,0.051869,0.071101,0.02477,0,0.11502,0.2905,0.29035,0.16068,0.63242
0.031633,0.017905,0.0879,0.23501,0.20443,0.27456,0.026225,0.032468,0.43205,0.035183,0.058749,0.056507,0.06084,0.065992,0.0306,0.14031,0.1834,0.26372,0.81152
0.2374,0.01867,0.079632,0.28327,0.047002,0.12899,0.014597,0.017343,0.032472,0.03416,0.036206,0.026083,0.011612,0.050797,0.013804,0.044074,0.022092,0.23083,0.32547
0.26962,0.0090925,0.01406,0.4147,0.15415,0.17024,0.019313,0.062366,0.015296,0.04535,0.03098,0.043888,0.062151,0.034894,0.05208,0.094002,0.038235,0.13419,0.43031
0.25767,0.042631,0.048056,0.078029,0.17979,0.083508,0.041872,0.018466,0.061404,0.052027,0.022312,0.023988,0.28632,0.0088713,0.024206,0.06968,0.032474,0.085015,0.35681
0.031096,0.21072,0.15905,0.072234,0.20931,0.26595,0.27125,0.036964,0.022572,0.04921,0.012747,0.034936,0.033388,0.03735,0.013822,0.31701,0.054925,0.07557,0.45431
0.015654,0.018331,0.033336,0.1197,0.10942,0.089096,0.2248,0.0083444,0.0019105,0.056671,0.033966,0.043935,0.010762,0.00072525,0.023439,0.32937,0.083858,0.071626,0.41701
0.010707,0.0049439,0.14842,0.030731,0.031555,0.02181,0.0071809,0.0094242,0.036692,0.022794,0.026409,0.032083,0.0041733,0.0038624,0.059997,0.18791,0.18411,0.00471,0.25552
0.0096116,0.0064346,0.17258,0.066472,0.03597,0.020124,0.0054244,0.0037501,0.022501,0.030982,0.017241,0.020554,0.0096969,0.0034914,0.039022,0.19486,0.011536,0.0074064,0.21625
0.057493,0.47619,0.22997,0.050846,0.061533,0.10697,0.045704,0.066491,0.042171,0.0092885,0.021555,0.019428,0.26313,0.085075,0.022776,0.079146,0.047426,0.053879,0.32872
0.14397,0.23629,0.1967,0.061208,0.13472,0.11218,0.23761,0.049515,0.06115,0.028438,0.0274,0.029782,0.26557,0.041898,0.051641,0.030692,0.034535,0.080221,0.38523
0.014128,0.29365,0.032963,0.34687,0.079147,0.19528,0.019821,0.057662,0.037547,0.040272,0.027837,0.033382,0.0094556,0.012312,0,0.20304,0.49166,0.02518,0.49739
0.025519,0.27951,0.17029,0.083324,0.10671,0.19149,0.0073802,0.045576,0.040685,0.040612,0.053765,0.051235,0.011923,0.017078,0.045914,0.020382,0.5074,0.028887,0.54329
0.069654,0.015232,0.065172,0.45588,0.14211,0.21189,0.0082119,0.018923,0.021809,0.037847,0.071766,0.039976,0.32054,0,0.030637,0.049687,0.42928,0.02295,0.52762
0.0023871,0.0032997,0.036938,0.4709,0.18739,0.22852,0.0072149,0.016173,0.053582,0.083569,0.050331,0.049812,0.0024226,0,0,0.10878,0.49906,0.10071,0.58771
0.049614,0.048467,0.11248,0.041102,0.07479,0.093557,0.0091194,0.043294,0.060433,0.024414,0.033211,0.030474,0.0061569,0.51718,0.07225,0.010788,0.067183,0.043376,0.35667
0.008987,0.074905,0.03339,0.12098,0.11776,0.12669,0.046892,0.041567,0.027124,0.058587,0.071691,0.048009,0,0.61135,0.017425,0.017942,0.10344,0.13912,0.56233
0.0014811,0.0048358,0.14465,0.22878,0.070762,0.27395,0.0024944,0.00089059,0.055109,0.10438,0.033948,0.043015,0,0,0.0010612,0.19551,0.0019197,0.19072,0.53664
0.015367,0.0046474,0.051555,0.35841,0.14752,0.11933,0.001885,0.013039,0.087402,0.064635,0.052999,0.063352,0.00049742,0,0.006051,0.20095,0.0049381,0.21072,0.56602
0.18965,0.036054,0.18932,0.069035,0.47089,0.20367,0.032617,0.034814,0.069677,0.071179,0.075166,0.075149,0.057796,0,0,0.28984,0.067915,0.57793,0.80755
0.0095588,0.016143,0.086591,0.10921,0.52144,0.25107,0.012384,0.019294,0.055487,0.051463,0.066725,0.086946,0,0.012188,0.095077,0,0.12837,0.57463,0.826
0.011528,0.0085601,0.058147,0.12309,0.062915,0.13463,0.0092928,0.041107,0.039918,0.062091,0.051575,0.052102,0,0.0016646,0.27379,0.21983,0.0042567,0.31067,0.53097
0.0074081,0.0054456,0.11942,0.043317,0.10526,0.086828,0.01426,0.01539,0.090981,0.041345,0.048624,0.050305,0,0,0.31102,0.0067255,0.01354,0.4047,0.51143
0.05696,0.0068323,0.01989,0.15764,0.36587,0.16448,0.019542,0.034059,0.019438,0.038469,0.063676,0.041007,0.03011,0.0064421,0.0028257,0.1879,0.28256,0.064792,0.50174
0.02295,0.031284,0.05638,0.15586,0.27518,0.071337,0.015846,0.0093639,0.052568,0.024557,0.031535,0.042387,0.013552,0.0014795,0.062282,0.026124,0.19585,0.085069,0.38373
0.25307,0.018551,0.074596,0.42399,0.11224,0.19566,0,0.0090588,0.044757,0.082336,0.023731,0.062752,0,0,0.043271,0.24031,0.059328,0.36848,0.47841
0.078429,0.060338,0.061975,0.39904,0.10174,0.30455,0.013697,0.038394,0.047158,0.067674,0.063814,0.044644,0.0061742,0.009024,0.0027821,0.13545,0.019015,0.55983,0.57903
0.25341,0.02464,0.1643,0.33247,0.42417,0.12748,0.018561,0.010018,0.061759,0.030704,0.12015,0.033338,0.071426,0,0.00527,0.28524,0.13476,0.19402,0.68566
0.025356,0.013383,0.10809,0.39076,0.28371,0.18429,0.0085216,0.012606,0.16114,0.055543,0.089991,0.078713,0,0.13785,0.0048846,0.31464,0.14453,0.043731,0.77071
0.099617,0.020237,0.081208,0.15514,0.10055,0.25383,0.0089517,0.011314,0.048301,0.07129,0.035652,0.039511,0.012866,0.0006512,0.22482,0.21981,0.0070389,0.010217,0.47069
0.015988,0.018654,0.049235,0.063282,0.10639,0.12957,0.054548,0.06119,0.077094,0.054305,0.065118,0.082331,0,0.32025,0.31012,0.0060011,0.11971,0.11479,0.78901
0,0.016185,0.079857,0.10331,0.052825,0.18188,0.0091458,0.040607,0.084409,0.041965,0.071697,0.086497,0,0.31379,0,0,0,0.19583,0.74984
0.051039,0.01605,0.053219,0.3211,0.11012,0.13733,0.015439,0.024197,0.034818,0.071965,0.028092,0.05188,0,0,0.28466,0.44423,0.089103,0.061279,0.54488
0.011323,0.035646,0.073213,0.075345,0.029747,0.038517,0.014431,0.0098689,0.025338,0.20077,0.016891,0.0169,0.015551,0.009695,0.056202,0.034271,0.015744,0.02464,0.24626
0.0031543,0.0051571,0.012318,0.052581,0.022605,0.012852,0.0060641,0.0044218,0.027211,0.032763,0.021847,0.02111,0.0058096,0.012918,0.0093797,0.082223,0.069835,0.014184,0.22826
0.0092016,0.077337,0.071903,0.22143,0.17888,0.26681,0.014007,0.065229,0.082302,0.071743,0.044277,0.10259,0,0,0.59834,0.041726,0.0048797,0.36426,0.81365
0.026151,0.01014,0.057791,0.10767,0.15944,0.19173,0.015627,0.054222,0.043708,0.056719,0.10198,0.072699,0.016622,0.0013934,0.6264,0.012335,0.14849,0.092624,0.81737
0.16092,0.028551,0.10501,0.20452,0.43483,0.24104,0.31586,0.028954,0.054548,0.023568,0.070396,0.061306,0.063384,0,0.33514,0.057102,0.11318,0.099999,0.75477
0.060815,0.077674,0.075322,0.096947,0.46277,0.29491,0.31008,0.021439,0.052858,0.03352,0.041609,0.055568,0.027594,0,0.0067104,0.01194,0.27784,0.15148,0.75561
0.22284,0.0086307,0.063152,0.026942,0.13815,0.060691,0.083883,0.0072548,0.032727,0.016292,0.028714,0.017339,0.15078,0.001385,0.012386,0.018388,0.21966,0.010592,0.34574
0.019765,0.13083,0.46067,0.038548,0.2824,0.15628,0.0037042,0.033321,0.026761,0.016495,0.049971,0.025202,0.034267,0,0.24615,0,0.052364,0.043531,0.49385
0.020896,0,0.053285,0.050664,0.15271,0.13787,0.0045432,0.034956,0.080648,0.075993,0.07848,0.072596,0,0,0.27843,0.28963,0.16819,0.26468,0.86119
0.0094987,0.039561,0.079066,0.090381,0.19313,0.26224,0.00953,0.039407,0.053991,0.051228,0.13408,0.08677,0.007315,0.0037102,0.33879,0.29853,0.0070176,0.060461,0.82374
0.035725,0.28894,0.06866,0.17119,0.39899,0.23093,0.060861,0.062463,0.03827,0.034343,0.083369,0.04915,0.0030663,0.02121,0.021667,0.018973,0.086454,0.43391,0.73343
0.004114,0.35391,0.12115,0.099703,0.40049,0.22663,0.078177,0.042515,0.047888,0.05359,0.040928,0.072648,0.0036573,0.024431,0.19205,0.019816,0.1482,0.17726,0.71534
0.00084817,0.039215,0.06641,0.073729,0.10675,0.12144,0.0033762,0.056614,0.011355,0.029292,0.078621,0.095098,0,0,0,0,0.22564,0.21294,0.83847
0.028904,3.1185e-05,0.037985,0.050967,0.25137,0.12874,0.016239,0.025831,0.15988,0.09107,0.09858,0.056438,0,0,0.002294,0,0.21395,0.21893,0.82583
0.095517,0.023431,0.20979,0.14236,0.50073,0.23788,0.060226,0.018826,0.044538,0.02761,0.053654,0.078675,0,0,0.30957,0.29343,0.26596,0.14263,0.78251
0.03317,0.040854,0.10299,0.11017,0.45683,0.30391,0.0070592,0.018568,0.078129,0.028931,0.079063,0.06776,0.0092279,0,0.38954,0.0074299,0.2521,0.032572,0.81607
0.034589,0.15672,0.073795,0.084837,0.04734,0.036108,0.017878,0.014182,0.019019,0.018319,0.016892,0.01344,0.018844,0.012239,0.020511,0.037322,0.0097448,0.19916,0.1895
0.016648,0.011046,0.11351,0.042758,0.047416,0.029897,0.034616,0.0081691,0.059362,0.029343,0.015098,0.024806,0.00899,0.0099929,0.032237,0.015328,0.012251,0.19029,0.2451
0.013132,0.036269,0.07796,0.016986,0.052153,0.035772,0.010603,0.0081599,0.022043,0.030002,0.018234,0.020247,0.0071943,0.0087189,0.021272,0.03391,0.18345,0.18896,0.25113
0.0077071,0.016622,0.70273,0.062801,0.18154,0.08183,0.0080853,0.013279,0.065272,0.020407,0.085692,0.040062,0,0,0.031437,0.011887,0.11885,0.29627,0.53779
0.047377,0.0060416,0.67372,0.084692,0.12565,0.10049,0.025639,0.0038029,0.070887,0.026916,0.04659,0.069954,0.018338,0,0.2419,0.11306,0.042835,0.010646,0.49615
0.092157,0.039067,0.25106,0.048026,0.10134,0.08519,0.058027,0.013261,0.08827,0.040993,0.045491,0.037839,0.24166,0.0036968,0.043762,0.25003,0.059493,0.053966,0.39177
0.070697,0.086045,0.10872,0.069026,0.05623,0.093547,0.039564,0.02024,0.018214,0.024224,0.026626,0.015725,0.25318,0.0098298,0.038401,0.24411,0.026427,0.012766,0.25796
0.076857,0.057035,0.05822,0.098009,0.24742,0.090784,0.0449,0.0322,0.064692,0.046507,0.012509,0.040626,0.0028274,0.25795,0.2119,0.0099208,0.030065,0.15498,0.39433
0.013727,0.066745,0.071229,0.054918,0.089708,0.10195,0.0089851,0.024528,0.10688,0.054994,0.046214,0.05337,0.0055991,0.28079,0.2082,0.051904,0.13584,0.067331,0.49044
0.033716,0.031042,0.070352,0.073842,0.034168,0.046163,0.011792,0.014035,0.021147,0.028848,0.0095571,0.013551,0.20121,0.019385,0.041182,0.02256,0.19782,0.014893,0.22069
0.032735,0.018819,0.05225,0.043599,0.073014,0.046187,0.064329,0.040353,0.040521,0.023109,0.021747,0.025046,0.21873,0.0022381,0.034819,0.035058,0.039064,0.016083,0.27099
0.035036,0.017874,0.095378,0.26176,0.022926,0.040838,0.1975,0.031958,0.021883,0.022462,0.014095,0.013538,0.051952,0.016722,0.042427,0.065328,0.011251,0.048668,0.2212
0.025655,0.057752,0.050442,0.052032,0.049382,0.051757,0.20197,0.018953,0.030055,0.019458,0.014203,0.0147,0.015403,0.013342,0.047392,0.083137,0.017077,0.015906,0.19794
0.047598,0.29762,0.27538,0.10235,0.12089,0.25223,0.0076148,0.1408,0.050091,0.036303,0.056464,0.035111,0.012086,0.052779,0.0087442,0.45017,0.074602,0.16964,0.52059
0.030197,0.30058,0.052038,0.14854,0.11674,0.10528,0.0073188,0.019545,0.04508,0.052527,0.041714,0.056892,0.001824,0.0029285,0.0137,0.40532,0.11336,0.22932,0.55608
0.12899,0.10318,0.24781,0.084436,0.33897,0.13529,0.1007,0.35225,0.0122,0.024652,0.041326,0.034304,0.11461,0.014485,0.023939,0.0035725,0.26429,0.053854,0.49182
0.038444,0.034214,0.092929,0.14176,0.14106,0.16115,0.0067427,0.24678,0.10754,0.042424,0.025816,0.021533,0.02381,0.01156,0.022123,0.029325,0.20955,0.19916,0.47082
0.0078024,0.13763,0.11339,0.38466,0.0465,0.083648,0.00084028,0.016351,0.051164,0.044686,0.039968,0.036713,0,0.00357,0.019567,0.043469,0.026148,0.32297,0.42276
0.062985,0.2032,0.048982,0.2931,0.034015,0.11154,0.017982,0.044752,0.041198,0.030236,0.022026,0.022919,0.016739,0.07186,0.083481,0.043721,0.012453,0.22344,0.31732
0.086716,0.19891,0.065576,0.20555,0.094595,0.15379,0.060746,0.033292,0.03771,0.032237,0.024762,0.033214,0.044149,0.015775,0.077033,0.301,0.21364,0.051251,0.3498
0.25357,0.28419,0.050257,0.24846,0.16041,0.14841,0.018218,0.15221,0.063974,0.032934,0.034623,0.027053,0.02168,0.01136,0.020269,0.34447,0.041474,0.062685,0.46903
0.016542,0.010234,0.05624,0.083759,0.19752,0.091166,0.089172,0.011782,0.057552,0.036454,0.064223,0.10084,0,0,0,0,0.62886,0.24717,0.83216
0.0080386,0.046898,0.11381,0.076607,0.17595,0.10677,0.010627,0.014236,0.089111,0.051334,0.074087,0.062648,0.0013052,0,0,0,0.4386,0.41429,0.79193
0.054867,0.28628,0.207,0.079591,0.24938,0.09081,0.020473,0.024592,0.051122,0.031761,0.038579,0.046684,0.27543,0.0014042,0.018848,0.017688,0.23905,0.018271,0.46534
0.092165,0.24736,0.11356,0.049589,0.3001,0.25702,0.06323,0.090424,0.037572,0.030067,0.043085,0.042538,0.30946,0.0011943,0.23582,0.0073936,0.14664,0.094888,0.55276
0.020662,0.23639,0.38857,0.056683,0.22415,0.092813,0.011993,0.034811,0.10601,0.031175,0.032026,0.027958,0,0.0085195,0.097644,0.0035561,0.36505,0.049879,0.47456
0.14746,0.042452,0.044993,0.19268,0.026993,0.03421,0.019033,0.013771,0.020159,0.018071,0.013554,0.007387,0.020511,0.01522,0.025753,0.05839,0.017295,0.0093195,0.16114
0.012829,0.053218,0.035299,0.18191,0.015265,0.052027,0.0055598,0.033968,0.015894,0.01966,0.012415,0.015877,0.0046084,0.018288,0.05716,0.040569,0.0056165,0.01626,0.18896
0.0062466,0.14636,0.065194,0.22057,0.16195,0.54389,0.010619,0.053283,0.046087,0.048959,0.057935,0.064331,0,0.0020804,0,0.0067826,0.011713,0.42665,0.74912
0.046453,0.21451,0.12021,0.10855,0.17712,0.46497,0.036841,0.020645,0.072047,0.02466,0.081783,0.067867,0.0040088,0.002743,0.091095,0,0.097125,0.63198,0.72057
0.006544,0.18648,0.050338,0.043168,0.36037,0.48368,0.030814,0.038195,0.018123,0.048824,0.079069,0.098243,0,0,0.10654,0,0.41384,0.35347,0.81049
0.056618,0.031521,0.14172,0.10169,0.19583,0.55475,0.0041782,0.03104,0.12826,0.067851,0.057935,0.076292,0,0.0023623,0.0066833,0.0014074,0.2665,0.24992,0.82877
0.052184,0.0079017,0.36244,0.07648,0.088854,0.063124,0.011261,0.014191,0.043509,0.029866,0.027262,0.023259,0.0075953,0,0.071012,0.068888,0.04452,0.23117,0.30414
0.015196,0.03949,0.34296,0.058065,0.072684,0.13262,0.013791,0.0038876,0.04925,0.090503,0.051084,0.027004,0.00082652,0.0025986,0.046483,0.015922,0.015719,0.34212,0.48711
0.20906,0.021647,0.11804,0.0438,0.045286,0.09365,0.033563,0.0067377,0.030747,0.033967,0.019788,0.011879,0.021487,0.010735,0.03735,0.043169,0.056138,0.0195,0.20778
0.031063,0.062786,0.12189,0.25671,0.056587,0.19873,0.0034186,0.039473,0.055629,0.032702,0.021864,0.046765,0.0079237,0.37485,0.044873,0.11573,0.0032082,0.028586,0.35684
0.01314,0.064689,0.060158,0.32979,0.090412,0.19814,0.0060541,0.043655,0.027234,0.065391,0.028247,0.035282,0.00093011,0.24093,0.028325,0.095654,0.11626,0.034566,0.43605
0.22485,0.016926,0.089166,0.04313,0.086334,0.034468,0.075958,0.021927,0.030633,0.015947,0.015335,0.016532,0.034867,0.0075662,0.19802,0.0096317,0.055484,0.021756,0.26706
0.24522,0.11456,0.073838,0.045032,0.13059,0.22459,0.11599,0.026146,0.041407,0.030573,0.038268,0.028587,0.07228,0.035515,0.24968,0.020363,0.05309,0.036352,0.37065
0.21875,0.061259,0.046573,0.16058,0.042644,0.069993,0.026765,0.024431,0.030414,0.040189,0.043213,0.022856,0.028753,0.047969,0.008561,0.13721,0.2477,0.017798,0.29168
0.33073,0.029846,0.035337,0.19939,0.093065,0.16126,0.021604,0.046699,0.038197,0.038323,0.026283,0.022895,0.064698,0.066409,0.018443,0.057949,0.096357,0.020267,0.32667
0.053429,0.26357,0.24802,0.02204,0.1562,0.14464,0.029951,0.07881,0.03893,0.031067,0.015408,0.036011,0.30016,0.34836,0.057905,0.012828,0.084905,0.064754,0.44939
0.070265,0.23529,0.19736,0.11139,0.14136,0.10502,0.1245,0.16078,0.10049,0.084534,0.28889,0.3049,0.17266,0.19918,0.056056,0.043307,0.077618,0.13738,0.45262
0.22092,0.014677,0.050001,0.071697,0.26096,0.26454,0.039434,0.026805,0.015586,0.033367,0.035109,0.021405,0.076611,0.009776,0.0063314,0.20541,0.031409,0.072933,0.37347
0.31394,0.10928,0.08666,0.079243,0.18207,0.16514,0.036449,0.033347,0.078543,0.060621,0.030837,0.034977,0.019701,0.0066372,0.014207,0.27545,0.039297,0.28643,0.46962
0.05173,0.20947,0.18406,0.023873,0.066065,0.083649,0.010832,0.017001,0.04031,0.032729,0.016067,0.024178,0.0037864,0.037934,0.33805,0.011881,0.030067,0.0211,0.29049
0.10725,0.34446,0.064707,0.27108,0.060022,0.39097,0.013331,0.068062,0.14611,0.07082,0.019701,0.055125,0.055715,0.11961,0.01418,0.26407,0.14606,0.076205,0.60873
0.0471,0.29301,0.099618,0.14232,0.11597,0.25178,0.013273,0.078653,0.09165,0.023748,0.027497,0.034156,0.021567,0.28664,0.010544,0.28681,0.022075,0.054222,0.47894
0.028118,0.052636,0.10163,0.053207,0.057449,0.036809,0.20065,0.015194,0.017504,0.024996,0.017799,0.015693,0.012973,0.25413,0.039706,0.028822,0.022142,0.041123,0.23662
0.20755,0.0033046,0.059555,0.36215,0.24536,0.12184,0.010401,0.020241,0.045101,0.052717,0.063925,0.065705,0.010017,0,0.16347,0.00525,0.095618,0.21675,0.78981
0.032111,0.10805,0.044002,0.40636,0.36069,0.15515,0.018001,0.017147,0.043714,0.053268,0.060775,0.035638,0.004996,0.0057214,0.0062192,0.0015688,0.21634,0.19281,0.61513
0.0050536,0.012122,0.057332,0.17818,0.044468,0.078307,0.0037426,0.0080344,0.029607,0.027982,0.042284,0.021232,0.0068862,0.010807,0.014922,0.14813,0.054006,0.013851,0.26403
0.011606,0.019675,0.056867,0.10624,0.035886,0.06113,0.004456,0.061265,0.034041,0.032718,0.018746,0.015233,0.0040464,0.0069918,0.013625,0.24437,0.0085559,0.026745,0.22325
0.0073715,0.18342,0.07018,0.052579,0.18589,0.74743,0.0056192,0.097164,0.035129,0.10926,0.030837,0.063125,0,0.080613,0.015215,0.23387,0.037027,0.22605,0.75408
0.016336,0.11014,0.11279,0.15629,0.11743,0.51649,0.021883,0.062938,0.064649,0.039626,0.074331,0.080219,0.014266,0.34482,0.02708,0.35397,0.059918,0.13119,0.73724
0.040812,0.26266,0.24358,0.093401,0.097522,0.14828,0.020846,0.048462,0.069805,0.024222,0.028326,0.03632,0.0015637,0.27239,0.031209,0.0054967,0.044166,0.16259,0.39932
0.0036196,0.009256,0.25828,0.26725,0.11563,0.045865,0.0042206,0.020537,0.050192,0.045202,0.069796,0.030492,0.0033891,0,0.087037,0.016702,0.2071,0.034323,0.49018
0.016222,0.016295,0.40205,0.29957,0.15657,0.13484,0.0089596,0.13047,0.046643,0.039437,0.052382,0.043901,0,0.014785,0.16392,0.012342,0.15929,0.20279,0.5188
0.44291,0.19002,0.035151,0.13232,0.21429,0.2574,0.059902,0.0659,0.17783,0.073582,0.060288,0.067058,0.027189,0.16872,0.09308,0.032305,0.067896,0.24155,0.57842
0.064442,0.23252,0.055379,0.346,0.047965,0.16539,0.0084949,0.092194,0.030797,0.055011,0.028312,0.028007,0.31093,0.10374,0.023777,0.01732,0.058771,0.093398,0.36468
0.10334,0.036082,0.023993,0.27403,0.10331,0.093357,0.029566,0.049537,0.025391,0.036624,0.028934,0.032071,0.25201,0.021565,0.0090266,0.029849,0.20406,0.17131,0.36883
0.0077983,0.057539,0.067211,0.38201,0.061981,0.36966,0.0028296,0.013478,0.044341,0.050718,0.019386,0.056089,0,0.078705,0.065125,0.01548,0.016455,0.26629,0.5122
0.13204,0.033117,0.14573,0.15718,0.088426,0.37133,0.004746,0.026497,0.073312,0.021462,0.044618,0.045941,0.009268,0.010936,0.043428,0.047308,0.0031169,0.31663,0.4634
0.071847,0.016212,0.16199,0.043528,0.13982,0.10074,0.037075,0.035562,0.088126,0.057075,0.077071,0.055034,0.31109,0.0050097,0.30026,0,0.0061645,0.29771,0.57828
0.044635,0.050285,0.40883,0.062018,0.36931,0.097379,0.016261,0.0132,0.14444,0.015375,0.046063,0.053057,0.0038396,0.0053954,0.34814,0.29113,0.044514,0.099184,0.53664
0.042653,0.0099986,0.45751,0.035757,0.29131,0.2051,0.0194,0.062625,0.059043,0.047736,0.048774,0.052827,0.0061804,0.0043534,0.069776,0.30936,0.093933,0.20228,0.57595
0.0094703,0.22322,0.039331,0.46727,0.14919,0.16234,0.0066316,0.047833,0.042253,0.068436,0.039147,0.041925,0.018672,0,0.0064866,0.24856,0.047809,0.21835,0.53351
0.0068076,0.0057209,0.026383,0.44287,0.19121,0.19186,0.0032983,0.0058759,0.045506,0.072902,0.059962,0.050403,0.0063354,0.0014883,0.0010508,0.34104,0.13683,0.26714,0.56238
0.052579,0.013935,0.22027,0.035136,0.17736,0.14486,0.069777,0.029211,0.036777,0.030677,0.013843,0.020835,0.021792,0.020889,0.017845,0.01588,0.31017,0.038517,0.3481
0.029036,0.22398,0.25141,0.087893,0.068197,0.11176,0.029943,0.041874,0.048548,0.0268,0.021259,0.03425,0.010013,0.0077271,0.040784,0.015357,0.2356,0.093602,0.3503
0.0051306,0,0.36507,0.043538,0.19908,0.56787,0.036444,0.056381,0.033368,0.081087,0.066853,0.095539,0.028092,0.0068046,0,0.053914,0.15678,0.50675,0.86634
0.014965,0.072707,0.082957,0.10836,0.17038,0.44028,0.013749,0.043722,0.05007,0.061781,0.092618,0.081744,0,0.0030754,0,0.2855,0.13197,0.48925,0.81377
0.081915,0.29766,0.12448,0.054932,0.19896,0.18518,0.041308,0.056966,0.059614,0.041232,0.037328,0.058616,0,0.0014523,0.2652,0,0.25274,0.019801,0.59938
0.045062,0.044125,0.22428,0.1541,0.23473,0.22512,0.060434,0.019169,0.037549,0.047316,0.032691,0.03954,0.0046355,0,0.34643,0.0066256,0.31936,0.012257,0.49327
0.00893,0.015657,0.21584,0.055553,0.11181,0.16005,0.0027004,0.032045,0.035337,0.040632,0.060875,0.0375,0.0015264,0.008235,0.016813,0.27293,0.089631,0.080937,0.47176
0.016638,0.028033,0.23132,0.24224,0.14784,0.15333,0.012483,0.026734,0.027563,0.05561,0.033293,0.04921,0,0.0027093,0.028853,0.2603,0.22785,0.10992,0.46866
0.10296,0.071282,0.097592,0.0654,0.16569,0.26252,0.017014,0.062798,0.16455,0.056537,0.06956,0.049365,0.30567,0.0073079,0,0.29113,0.31119,0.061601,0.68328
0.045118,0.046855,0.13539,0.061285,0.22333,0.14453,0.012528,0.021903,0.016499,0.067678,0.12478,0.075625,0.31642,0,0.13735,0.30207,0.096906,0.11684,0.7539
0.023159,0.1455,0.049703,0.028136,0.012854,0.023162,0.0092124,0.0082333,0.010113,0.01747,0.0067869,0.0056054,0.01142,0.011884,0.014323,0.016027,0.010549,0.0055501,0.10637
0.11737,0.031029,0.035263,0.022536,0.013109,0.028667,0.011474,0.010541,0.011702,0.007363,0.0055448,0.0044936,0.013581,0.011192,0.033114,0.017642,0.0039088,0.0046532,0.098066
0.070211,0.38144,0.077482,0.083478,0.16306,0.30168,0.0135,0.068391,0.082594,0.029521,0.019165,0.032672,0.29134,0.046004,0.05801,0.046034,0.047944,0.073366,0.43318
0.073539,0.34739,0.13481,0.22047,0.20653,0.21131,0.064548,0.037308,0.065382,0.01972,0.062855,0.063912,0.34239,0.064646,0.0037466,0.056165,0.076572,0.13327,0.66069
0.0065608,0.035868,0.073372,0.025043,0.093501,0.14355,0.017652,0.013629,0.042178,0.022425,0.036967,0.038362,0.021277,0.010047,0.18039,0.0032802,0.050469,0.20114,0.38583
0.007055,0.014563,0.070933,0.047092,0.035578,0.025633,0.0035799,0.010222,0.030459,0.036535,0.020793,0.016173,0.0053139,0.0068702,0.19816,0.053503,0.013546,0.1943,0.25939
0.024463,0.2706,0.095022,0.19713,0.051415,0.11979,0.040385,0.063968,0.034925,0.032676,0.019061,0.027808,0.0018245,0.24277,0.016458,0.02528,0.096672,0.035109,0.29782
0.039067,0.41697,0.078626,0.10339,0.082482,0.059573,0.010471,0.027529,0.030643,0.032083,0.014602,0.024952,0.018611,0.13113,0.037001,0.030014,0.023029,0.07744,0.26048
0.040328,0.080442,0.2701,0.04747,0.43016,0.18721,0.022353,0.040942,0.079267,0.02598,0.040398,0.047137,0.02215,0.29809,0.24308,0.024416,0.057381,0.072185,0.53056
0.026346,0.11251,0.26476,0.050804,0.12806,0.1249,0.045806,0.025895,0.11106,0.047773,0.052142,0.061424,0,0.31459,0.46346,0.016246,0.010845,0.1034,0.54187
0.027645,0.018701,0.032045,0.15446,0.21198,0.17178,0.2728,0.022649,0.024033,0.027432,0.084722,0.073119,0.025184,0,0.057154,0.0048573,0.051347,0.52817,0.81384
0.0088244,0.010847,0.14042,0.03376,0.13532,0.10552,0.26747,0.034759,0.066802,0.041181,0.064182,0.073138,0,0,0.018715,0.01376,0.17304,0.26233,0.70202
0.014449,0.031261,0.136,0.034228,0.12551,0.036707,0.0073285,0.0034732,0.085382,0.045617,0.058281,0.044975,0.0017859,0,0.17163,0.0094858,0.34365,0.22083,0.54006
0.026017,0.034629,0.065912,0.035582,0.059814,0.11442,0.0073641,0.017687,0.049509,0.019226,0.04262,0.044868,0.0052403,0.010215,0.0097912,0.0085956,0.33378,0.33333,0.4285
0.0026178,0.0024795,0.10088,0.049612,0.090753,0.09681,0.0039132,0.0056027,0.096843,0.03141,0.046681,0.064287,0,0,0.37161,0.0098682,0.009094,0.0086946,0.51741
0.019223,0.027717,0.10217,0.084158,0.070179,0.07962,0.076133,0.0097737,0.076168,0.04691,0.051471,0.057915,0.0052897,0.015955,0.53542,0.0094555,0.077067,0.11982,0.5183
0.051334,0.21636,0.15982,0.11406,0.29252,0.19936,0.041888,0.067104,0.046495,0.026483,0.061229,0.063055,0.0020131,0.29114,0.023756,0.0060086,0.36169,0.10168,0.63049
0.23931,0.033698,0.2395,0.21403,0.14103,0.03852,0.035901,0.01678,0.10421,0.024744,0.027762,0.024387,0.016277,0.0073055,0.030541,0.025061,0.21637,0.068783,0.38055
0.35041,0.020352,0.29587,0.04534,0.07187,0.029417,0.051972,0.020738,0.032421,0.031019,0.032986,0.01553,0.042378,0.0077478,0.053479,0.084367,0.11351,0.027668,0.30681
0.020118,0.023362,0.032058,0.36263,0.26138,0.46281,0.020686,0.038727,0.017119,0.083835,0.073066,0.066498,0,0.013974,0,0,0.24197,0.19513,0.75523
0.012692,0.040718,0.082117,0.3514,0.19255,0.28715,0.019172,0.063947,0.016028,0.032818,0.091857,0.077481,0,0,0,0,0.3293,0.49218,0.74268
0.021386,0.038713,0.22463,0.03784,0.20752,0.17957,0.0099745,0.0083738,0.20461,0.0060852,0.046071,0.020557,0.0014104,0,0.17553,0.0031355,0.18225,0.0013074,0.52286
0.010616,0.0031927,0.43925,0.073754,0.16853,0.11196,0.0038844,0.0025409,0.071763,0.033657,0.039757,0.043311,0.0050649,0.0020578,0.16582,0.01013,0.21836,0.0030907,0.5176
0.058135,0.62631,0.083004,0.10057,0.038721,0.16367,0.016387,0.10557,0.055037,0.024497,0.019528,0.04718,0.020655,0.1632,0.053086,0.031886,0.092829,0.11175,0.39715
0.02181,0.57784,0.12352,0.092032,0.14127,0.30505,0.012724,0.04605,0.052048,0.047487,0.038974,0.044859,0.045406,0.069989,0.0073597,0.055709,0.2373,0.091362,0.55135
0.02556,0.19863,0.055269,0.27461,0.13486,0.18343,0.27498,0.041121,0.057328,0.054212,0.028888,0.028999,0.010137,0.070518,0.0051191,0.044705,0.064192,0.40162,0.54702
0.02721,0.017856,0.044846,0.12994,0.10523,0.10665,0.22207,0.016301,0.020719,0.072974,0.046565,0.033804,0.011019,0.0045443,0.0126,0.13833,0.041369,0.30748,0.44218
0.055591,0.015062,0.32728,0.15778,0.15255,0.054236,0.22896,0.020945,0.036677,0.0099764,0.0299,0.02975,0.049975,0.0043314,0.26006,0.018538,0.062455,0.0057075,0.39339
0.029192,0.035037,0.25124,0.034533,0.10554,0.095381,0.24208,0.0096871,0.084062,0.027175,0.036566,0.031298,0.0062317,0,0.21928,0.0035884,0.26084,0.11056,0.49382
0.019857,0.04795,0.24982,0.029036,0.069096,0.036821,0.19465,0.0062062,0.043962,0.024343,0.015155,0.015421,0.0085172,0.0071639,0.072843,0.03358,0.047229,0.0067978,0.24504
0.036801,0.0058047,0.23601,0.044648,0.11113,0.023302,0.017391,0.0041911,0.032576,0.046151,0.021669,0.012035,0.043817,0.0015857,0.040672,0.023577,0.13257,0.010894,0.24773
0.058901,0.015206,0.041152,0.072451,0.20146,0.097337,0.022245,0.013011,0.060191,0.13245,0.029466,0.034022,0.016871,0.0028877,0.027998,0.10531,0.10392,0.13339,0.36662
0.00051467,0.0031056,0.11002,0.24055,0.065939,0.13037,0,0.029627,0.028955,0.060706,0.054331,0.067105,0,0.00079345,0.0015469,0.52239,0.018115,0.2184,0.53346
0.0030008,0.0049987,0.039174,0.18624,0.062045,0.079479,0,0.05121,0.033077,0.069237,0.046471,0.039913,0,0.010272,0.0099839,0.39405,0.0036875,0.020474,0.54274
0.03206,0.038218,0.37234,0.034111,0.15045,0.071633,0.072322,0.016711,0.084703,0.036449,0.0629,0.03969,0.28441,0.0029391,0.062286,0.0083575,0.33912,0.031646,0.50301
0.1769,0.015754,0.22776,0.10983,0.24439,0.13189,0.32144,0.0037068,0.13968,0.031932,0.046449,0.039137,0.23275,0,0.066712,0.019261,0.49921,0.023165,0.59731
0.028037,0.033409,0.15528,0.076694,0.20506,0.50411,0.017058,0.045326,0.034531,0.072057,0.085763,0.060948,0,0.009981,0.3004,0.1825,0.33041,0.13748,0.83617
0.034865,0.077561,0.2154,0.080016,0.21455,0.52281,0.33769,0.041108,0.088085,0.018166,0.10211,0.029587,0.041333,0.018544,0.23526,0.005167,0.28456,0.12515,0.73305
0.013985,0.03745,0.17178,0.053092,0.024696,0.02385,0.0090595,0.0097772,0.02741,0.017647,0.011346,0.015957,0.031018,0.0056133,0.21117,0.010395,0.0082617,0.012169,0.19002
0.007092,0.0144,0.044289,0.026812,0.026997,0.02888,0.0117,0.016573,0.01831,0.017974,0.0161,0.0093722,0.0029399,0.0099921,0.15356,0.02372,0.0066933,0.0062223,0.16315
0.021663,0.027606,0.11829,0.09133,0.062951,0.17046,0.007637,0.40937,0.052326,0.047571,0.084672,0.059669,0.0055737,0.014382,0.035266,0.2964,0.035848,0.19968,0.58544
0.018852,0.013932,0.034654,0.068412,0.015583,0.015018,0.022918,0.01827,0.022096,0.01567,0.016196,0.017166,0.012075,0.0072722,0.18505,0.027205,0.19024,0.0043057,0.21432
0.025963,0.034361,0.078462,0.13641,0.089245,0.19637,0.0022339,0.027005,0.024572,0.069619,0.040526,0.048187,0.28576,0.0018244,0.00448,0.21995,0.022955,0.29412,0.47722
0.078219,0.016966,0.048502,0.097464,0.10788,0.13485,0.25126,0.015409,0.065598,0.096107,0.068724,0.042656,0.296,0.0031032,0.0057248,0.052439,0.085501,0.36184,0.56216
0.041664,0.027091,0.39355,0.2298,0.17668,0.11531,0.0081777,0.024766,0.031912,0.034613,0.022832,0.038403,0.11221,0.26369,0.028174,0.12127,0.025053,0.081646,0.42327
0.27668,0.0089806,0.10582,0.12286,0.24304,0.17324,0,0.026079,0.06106,0.026125,0.069361,0.066608,0.013457,0.018109,0.027322,0.2857,0.3115,0.10582,0.78944
0.0044829,0.0078278,0.087288,0.049716,0.15568,0.13595,0.0060841,0.033761,0.11019,0.068988,0.089552,0.062314,0,0,0,0.28916,0.21512,0.0023297,0.82474
0.10152,0.017117,0.052089,0.26282,0.2996,0.23608,0.033668,0.014152,0.015396,0.041799,0.040926,0.039623,0.0070351,0.008323,0.0016597,0.0037764,0.099525,0.47266,0.51313
0.0029131,0.012365,0.043896,0.21454,0.061685,0.077443,0.00080345,0.01872,0.033423,0.062096,0.075281,0.050086,0.0058538,0.0021297,0.012431,0.011191,0.12581,0.45383,0.52433
0.041246,0.058997,0.086286,0.2583,0.1765,0.46193,0.028466,0.032916,0.12419,0.047853,0.069149,0.05626,0,0.12945,0.31476,0.025822,0.17766,0.10055,0.72867
0.14292,0.048064,0.097693,0.20281,0.23396,0.43236,0.027593,0.03153,0.037503,0.049944,0.080362,0.068971,0,0.0030543,0.30914,0.013696,0.097405,0.29873,0.79137
0.010202,0.017887,0.032175,0.030461,0.041718,0.0096688,0.0065136,0.00628,0.011259,0.012096,0.0091036,0.0093212,0.012273,0.0062366,0.020167,0.16256,0.0030789,0.0091131,0.13443
0.17393,0.043073,0.040926,0.045893,0.051029,0.05384,0.018307,0.01381,0.032727,0.021135,0.010851,0.012936,0.017018,0.013979,0.020579,0.1831,0.015788,0.01058,0.18457
0.039905,0.0061952,0.10461,0.29978,0.090176,0.11425,0.0062192,0.016497,0.054838,0.044935,0.037996,0.059213,0.00082654,0.003733,0.27258,0.015891,0.14212,0.27287,0.48205
0.0063219,0.015719,0.037143,0.068589,0.1025,0.13932,0.019084,0.049867,0.035115,0.044293,0.086171,0.072461,0.313,0.010014,0.090585,0.0020932,0.50245,0.057757,0.75268
0.0047789,0,0.03354,0.062451,0.15894,0.14724,0.0014112,0.020493,0.060648,0.046961,0.11255,0.082663,0,0.0059041,0.001842,0,0.45254,0.024479,0.84902
0.028741,0.037183,0.04885,0.029056,0.031962,0.036324,0.015665,0.022574,0.013517,0.016097,0.0091495,0.0071657,0.16195,0.020962,0.015949,0.013308,0.0059759,0.0040666,0.12996
0.028372,0.043482,0.072214,0.16089,0.048896,0.039564,0.018917,0.007498,0.016462,0.025278,0.013303,0.0080283,0.25602,0.0073719,0.025803,0.025719,0.016911,0.0091255,0.18225
0.025603,0.0078192,0.053826,0.077852,0.097668,0.025594,0.23372,0.0011957,0.041273,0.03188,0.034536,0.022863,0.01632,0.0074245,0.26976,0.023873,0.058249,0.0097473,0.31863
0.032355,0.012074,0.10373,0.093109,0.23913,0.077869,0.020324,0.020932,0.03624,0.026131,0.034026,0.034474,0.017043,0.004217,0.23569,0.01796,0.039672,0.010274,0.33712
0.008129,0.12131,0.15083,0.063883,0.45575,0.2461,0.078358,0.035791,0.05521,0.025155,0.050096,0.05833,0.007489,0.041619,0.011926,0.28359,0.069097,0.2476,0.76379
0.020359,0.020588,0.055499,0.16423,0.4176,0.19999,0.022118,0.010855,0.065264,0.068414,0.047068,0.039363,0.027464,0,0.019845,0.21636,0.035083,0.192,0.52343
0.18714,0.034978,0.13842,0.092906,0.42491,0.11524,0.092893,0.038204,0.034418,0.034185,0.052942,0.043552,0.58263,0.0022255,0.073477,0.045065,0.070699,0.040618,0.5521
0.1199,0.10815,0.17748,0.12781,0.19474,0.24782,0.072111,0.023726,0.041074,0.051741,0.07341,0.055136,0.59212,0.0010339,0.020844,0.01459,0.16556,0.14061,0.6184
0.063738,0.49368,0.0601,0.12458,0.16511,0.23243,0.029507,0.051732,0.078996,0.040954,0.02444,0.045925,0.022252,0.086946,0.31723,0.033996,0.1002,0.18695,0.51221
0.020699,0.0028692,0.19033,0.018504,0.095858,0.064589,0.0038889,0.0022722,0.12458,0.025712,0.099661,0.059812,0.0017822,0,0.36877,0,0.19205,0.15686,0.55863
0.028944,0.34722,0.064577,0.26411,0.14654,0.29165,0.010948,0.051028,0.064785,0.039835,0.069816,0.055834,0.035003,0.44626,0.076794,0.0069932,0.05552,0.1874,0.58336
0.06478,0.35214,0.11309,0.085698,0.18815,0.21446,0.024181,0.096528,0.055463,0.027279,0.031451,0.045304,0.018379,0.54367,0.068714,0.02856,0.076022,0.033706,0.46093
0.071955,0.10087,0.056822,0.28393,0.097029,0.10349,0.062736,0.011365,0.022886,0.05275,0.024132,0.029092,0.25943,0.049893,0.038026,0.24111,0.022165,0.029935,0.3383
0.12479,0.019327,0.095825,0.14765,0.16186,0.11936,0.063218,0.030506,0.027749,0.059824,0.046247,0.041308,0.28145,0,0.012414,0.42691,0.015508,0.09196,0.44672
0.086236,0.0374,0.42755,0.076575,0.19805,0.08181,0.032114,0.016103,0.092765,0.031085,0.040651,0.037354,0.0058531,0.040385,0.052126,0.30953,0.26624,0.015071,0.52106
0.018471,0.014271,0.21878,0.041674,0.12686,0.04998,0.053002,0.023473,0.054098,0.063299,0.042866,0.040887,0.060226,0.0058342,0.024084,0.30156,0.36852,0.054118,0.50519
0.31345,0.040317,0.12881,0.14378,0.11908,0.096644,0.038861,0.030284,0.027533,0.047346,0.025918,0.032776,0.016386,0.0042495,0.023491,0.41035,0.080783,0.035285,0.3641
0.25875,0.0097843,0.1692,0.062269,0.10624,0.072598,0.0253,0.028395,0.057494,0.0269,0.042328,0.024872,0.038559,0.041089,0.24273,0.24142,0.039465,0.018778,0.40025
0.36227,0.46517,0.10197,0.13328,0.15378,0.12271,0.020475,0.043242,0.05891,0.038625,0.04123,0.037711,0.33119,0.039064,0.023799,0.069402,0.07884,0.076885,0.48266
0.038795,0.050706,0.050163,0.16544,0.047238,0.0631,0.015823,0.02324,0.064075,0.032679,0.023687,0.012585,0.0095511,0.2645,0.08833,0.031113,0.0057149,0.028537,0.23562
0.11199,0.20904,0.067685,0.072559,0.25004,0.10476,0.023979,0.035329,0.03168,0.029653,0.021441,0.024408,0.044038,0.070905,0.035116,0.082401,0.068776,0.027558,0.2949
0.023567,0.27747,0.13799,0.032671,0.32951,0.1326,0.015397,0.040105,0.061733,0.034428,0.038004,0.043873,0.0087252,0.033024,0.077776,0.014685,0.2036,0.093778,0.41573
0.0079247,0.020758,0.13924,0.032342,0.09152,0.092006,0.049397,0.02627,0.41642,0.043756,0.082386,0.04816,0.018238,0.010009,0.19658,0.0074982,0.08762,0.13141,0.53543
0.084987,0.068204,0.26413,0.16003,0.17811,0.12377,0.06584,0.0059955,0.62121,0.080027,0.4531,0.10901,0.12447,0.041232,0.30331,0.023853,0.16331,0.15918,0.55321
0.24279,0.026267,0.038758,0.30333,0.21646,0.085501,0.18514,0.014557,0.058537,0.03385,0.029952,0.022977,0.099114,0.016391,0.06655,0.047824,0.12557,0.023013,0.43271
0.19163,0.027235,0.1495,0.10723,0.14121,0.080595,0.24849,0.018034,0.052307,0.038359,0.028795,0.017681,0.045216,0.0065275,0.04931,0.12461,0.049995,0.11971,0.33624
0.012386,0.30214,0.12489,0.12077,0.081062,0.29837,0.047695,0.42839,0.086494,0.041934,0.043324,0.14368,0.0055577,0.032456,0.19974,0.012081,0.098112,0.26274,0.65131
0.016875,0.30359,0.13837,0.12621,0.15203,0.37271,0.020561,0.029191,0.057903,0.04362,0.054194,0.063889,0.018452,0.0031527,0.26463,0.075933,0.1,0.27921,0.68703
0.0138,0.0028723,0.018501,0.10231,0.094683,0.12976,0.016118,0.0042645,0.01233,0.10231,0.051729,0.039603,0.0017207,0.00097281,0.0033209,0.20602,0.19918,0.001624,0.54706
0.037724,0.015365,0.05077,0.087075,0.079045,0.022823,0.18981,0.0090203,0.015667,0.029806,0.018136,0.01901,0.02308,0.011901,0.025497,0.037269,0.1821,0.029332,0.2733
0.0084572,0.028468,0.24494,0.028965,0.16553,0.3205,0.0027522,0.014228,0.062563,0.040137,0.04951,0.044862,0,0,0.1632,0.0014487,0.34272,0.22166,0.51617
0.027263,0.063091,0.41532,0.093018,0.10451,0.43266,0,0.025845,0.071673,0.053725,0.053026,0.040438,0.0065755,0.15411,0.010548,0.038887,0.17954,0.17466,0.59138
0.076697,0.089057,0.12271,0.11018,0.17096,0.54163,0.024329,0.04686,0.071073,0.024084,0.064152,0.059428,0,0.27253,0.0098299,0.012344,0.045355,0.18214,0.65601
0.52412,0.016522,0.050767,0.12677,0.11995,0.1876,0.092545,0.039146,0.066433,0.03385,0.033743,0.028742,0.36635,0.028863,0.047815,0.079202,0.014334,0.051504,0.44796
0.20035,0.39006,0.050993,0.10935,0.067957,0.085524,0.054112,0.029955,0.073444,0.040156,0.020551,0.016853,0.025822,0.08722,0.084043,0.053173,0.19637,0.056211,0.3156
0,0.065446,0.11259,0.094596,0.11481,0.12655,0.030656,0.28408,0.048614,0.037743,0.047934,0.062337,0.0050912,0.013869,0.016142,0.078379,0.45545,0.10482,0.56005
0.013974,0.0225,0.061042,0.071524,0.03911,0.059067,0.01485,0.019253,0.082283,0.035885,0.031031,0.023153,0.0079136,0.0064431,0.033094,0.026091,0.0043482,0.39875,0.30753
0.022004,0.020332,0.078855,0.040885,0.14933,0.10993,0.010686,0.028698,0.12195,0.046841,0.03574,0.055541,0.010142,0.00097743,0.011839,0.0079366,0.031915,0.35961,0.51535
0.0061582,0.017036,0.074338,0.05567,0.15224,0.12508,0.037943,0.044103,0.068415,0.092222,0.087579,0.087125,0,0.0076879,0.0036463,0.28444,0.12806,0.49394,0.84079
0.044545,0.012792,0.066172,0.063628,0.17748,0.14082,0.02903,0.018711,0.084226,0.047435,0.07938,0.072031,0.0047947,0.0062234,0.10057,0.60851,0.099677,0.061258,0.76589
0.047336,0.11243,0.15195,0.15281,0.19618,0.49927,0.066488,0.098729,0.051552,0.023499,0.048227,0.058473,0.0076072,0.0024863,0.029556,0.032298,0.47394,0.053176,0.7263
0.052842,0.25614,0.080331,0.3156,0.21407,0.29675,0.030276,0.018486,0.035251,0.042073,0.060871,0.083383,0.053323,0.0050366,0.020899,0.0068746,0.44699,0.16642,0.74734
0.057973,0.023073,0.18456,0.22723,0.22563,0.053394,0.02476,0.015782,0.044794,0.040541,0.019389,0.019364,0.046696,0.013307,0.035249,0.017173,0.041852,0.088755,0.30732
0.041977,0.02641,0.21803,0.23021,0.029924,0.038933,0.0062137,0.013308,0.032639,0.025639,0.016796,0.021176,0.0059149,0.0046149,0.10074,0.056213,0.014255,0.019289,0.25071
0.029036,0.14507,0.09311,0.11329,0.074159,0.11846,0.041961,0.023519,0.042297,0.025517,0.022944,0.021572,0.23635,0.041102,0.22614,0.014506,0.02842,0.012356,0.27447
0.064886,0.158,0.11151,0.038949,0.054645,0.12505,0.029076,0.021704,0.031641,0.023967,0.021066,0.019435,0.26024,0.050554,0.019465,0.014303,0.02992,0.048898,0.2618
0.033385,0.002805,0.07347,0.071355,0.1031,0.067234,0.32165,0.029741,0.06303,0.043099,0.040924,0.022491,0,0.010381,0.11156,0.29475,0.18097,0.049738,0.73041
0.036161,0.028893,0.10866,0.12387,0.11344,0.13678,0.27221,0.02787,0.034069,0.050042,0.035442,0.038279,0.012273,0.006426,0.26305,0.23669,0.064751,0.066779,0.45895
0.018938,0.15578,0.28814,0.013539,0.3104,0.27705,0.016237,0.034168,0.04883,0.045423,0.038865,0.055146,0.0085926,0.30528,0.0074895,0.010478,0.045269,0.31705,0.68021
0.014379,0.034402,0.070364,0.12292,0.067361,0.10645,0.0036315,0.031408,0.056081,0.051374,0.045587,0.05298,0.0055796,0.2688,0.020609,0.0081421,0.12212,0.3779,0.49154
0.068021,0.0132,0.055257,0.06448,0.19012,0.11652,0.026998,0.020892,0.057408,0.099492,0.042426,0.04672,0.016279,0.29982,0.0034657,0.04622,0.051561,0.18098,0.53437
0.036554,0.034846,0.15626,0.15704,0.31965,0.097411,0.020738,0.0078508,0.041509,0.026051,0.046013,0.025742,0.29984,0.0042344,0.16776,0.059379,0.095943,0.017432,0.45689
0.02428,0.062912,0.11372,0.062403,0.17508,0.33475,0.0078395,0.053905,0.041784,0.02306,0.037575,0.028826,0.0040176,0.0088605,0.16549,0.022271,0.13706,0.03097,0.40627
0.0038459,0.084093,0.062685,0.095192,0.12244,0.32277,0.016061,0.021056,0.024261,0.04758,0.047497,0.041943,0,0.0046007,0.0056348,0.0053519,0.17276,0.18872,0.48192
0.24161,0.06178,0.19105,0.096568,0.26011,0.22078,0.026024,0.055308,0.045462,0.054952,0.050983,0.036499,0.046779,0.28162,0.02172,0.30963,0.10887,0.080569,0.56896
0.063126,0.045899,0.35568,0.1265,0.29191,0.098642,0.012072,0.020801,0.07523,0.04229,0.047252,0.038274,0.26566,0.016473,0.049313,0.0044801,0.063244,0.26081,0.48034
0.069023,0.031826,0.48886,0.044788,0.17419,0.12597,0.04658,0.019765,0.11742,0.053107,0.047821,0.031418,0.30321,0.0039669,0.24496,0.033111,0.060252,0.071443,0.52167
0.037985,0.01847,0.046033,0.031409,0.080731,0.19432,0.014208,0.014894,0.02353,0.02725,0.011624,0.016327,0.011686,0.012272,0.025288,0.02263,0.028887,0.067796,0.23987
0.11921,0.059778,0.10205,0.15257,0.13926,0.35564,0.042365,0.014616,0.014801,0.13714,0.036352,0.043244,0.0050702,0.0057439,0.032199,0.44386,0.078641,0.057804,0.50479
0.0059788,0.027189,0.099414,0.060417,0.13033,0.21829,0.020448,0.012831,0.051079,0.066563,0.11798,0.074846,0,0,0.0050247,0.2925,0.44486,0.20779,0.8429
0.04259,0.098106,0.18811,0.057466,0.15281,0.32874,0.009354,0.036832,0.1032,0.031907,0.032365,0.04037,0.0089808,0.24424,0.20961,0.0056494,0.043647,0.046589,0.48062
0.015976,0.062818,0.35093,0.055632,0.096131,0.41919,0.013556,0.038967,0.093259,0.047106,0.061129,0.048898,0,0.0027255,0.32578,0.0075693,0.13606,0.036237,0.55382
0.030184,0.01361,0.076051,0.11652,0.095422,0.16104,0.023273,0.030813,0.06291,0.042917,0.06144,0.058842,0,0.30316,0.039283,0.0065702,0.38393,0.07201,0.67004
0.011666,0.24099,0.099952,0.099182,0.23256,0.25253,0.02848,0.05949,0.34182,0.01756,0.03491,0.031668,0,0.058627,0.023062,0.022824,0.13483,0.23122,0.55854
0.089935,0.56713,0.11232,0.04379,0.18068,0.24176,0.042611,0.11133,0.052757,0.045599,0.03511,0.049216,0.023489,0.31702,0.015724,0.01136,0.040456,0.27697,0.5519
0.0025129,0.012005,0.082453,0.074448,0.13208,0.10721,0.0040068,0.030488,0.062567,0.055461,0.082258,0.078023,0,0,0,0,0,0.43041,0.83828
0.020086,0.035494,0.059393,0.076088,0.12839,0.013358,0.008519,0.011754,0.020324,0.01746,0.0037992,0.0082179,0.0061274,0.0062384,0.033288,0.023112,0.014439,0.0071319,0.15527
0.013488,0.020992,0.088838,0.03849,0.016819,0.030251,0.012561,0.14968,0.021973,0.016163,0.010356,0.0091612,0.0080599,0.008154,0.0275,0.040953,0.014623,0.01397,0.15071
0.010653,0.020623,0.30806,0.089594,0.35675,0.25097,0.024081,0.010501,0.03931,0.041009,0.077338,0.043827,0,0,0,0,0.39995,0.097847,0.83898
0.1473,0.04268,0.091311,0.18376,0.14459,0.12426,0.063622,0.028873,0.026733,0.040237,0.053931,0.049341,0.30719,0.3005,0.047965,0.035261,0.12706,0.03305,0.50838
0.074434,0.050216,0.12557,0.10148,0.28306,0.27983,0.060649,0.048155,0.025534,0.02583,0.068055,0.08101,0.33183,0.32537,0.088085,0.06118,0.14345,0.082376,0.70043
0.018261,0.014297,0.050302,0.038002,0.013362,0.017633,0.0082665,0.014074,0.016429,0.01422,0.0061122,0.0075912,0.0084221,0.012894,0.018936,0.014639,0.1557,0.0041094,0.11953
0.0040533,0.054142,0.056375,0.042204,0.039104,0.097507,0.03737,0.21203,0.058157,0.034913,0.037776,0.034669,0.0020345,0.044931,0.094085,0.042513,0.21028,0.031413,0.40734
0.0053589,0.22429,0.042525,0.12865,0.052479,0.1115,0.010013,0.048023,0.037928,0.054711,0.038486,0.042634,0.00077828,0.020653,0.0072654,0.10385,0.24788,0.141,0.45811
0.0047086,0.00010192,0.071577,0.053452,0.17495,0.17936,0.018374,0.020515,0.0697,0.074286,0.075957,0.083875,0.0022842,0,0.28887,0.0026005,0.0059638,0.19779,0.84025
0.05035,0.0035523,0.04246,0.078937,0.15228,0.12356,0.057259,0.0065268,0.074112,0.064325,0.085929,0.069376,0,0.0016109,0.28741,0,0.21766,0.0031635,0.81911
0.014557,0.046956,0.069661,0.082847,0.036482,0.046302,0.0086669,0.037184,0.03909,0.029676,0.021712,0.014082,0.0023621,0.22677,0.021477,0.20889,0.010356,0.030618,0.24353
0.031923,0.053989,0.088875,0.085599,0.11606,0.097257,0.051732,0.055936,0.04788,0.043022,0.02581,0.040717,0.096111,0.34031,0.019196,0.24753,0.027786,0.040144,0.41276
0.029611,0.23018,0.20245,0.045168,0.054053,0.076231,0.020882,0.019032,0.026414,0.021264,0.021196,0.012785,0.028357,0.026885,0.047298,0.088739,0.012944,0.024196,0.22424
0.19578,0.016589,0.071566,0.054886,0.045888,0.047496,0.032815,0.029622,0.044836,0.021693,0.013269,0.01665,0.015011,0.014456,0.061462,0.031953,0.025195,0.18657,0.21328
0.1225,0.039633,0.07167,0.12625,0.25215,0.18479,0.43301,0.060244,0.070969,0.019361,0.034343,0.065552,0.065244,0.33547,0.028267,0.022237,0.14665,0.062805,0.58921
0.0056969,0.20376,0.096871,0.50801,0.077679,0.074449,0.011541,0.045875,0.035856,0.053394,0.033954,0.024913,0.010507,0.079642,0.085019,0.082399,0.063731,0.037154,0.38024
0.031141,0.082415,0.064681,0.55763,0.096811,0.20115,0.026567,0.023411,0.035848,0.060453,0.048912,0.048391,0.0082173,0.29313,0.049914,0.15546,0.12221,0.11051,0.48933
0.0041039,0.1787,0.10316,0.090494,0.21846,0.18195,0.0089137,0.052959,0.017472,0.038726,0.040599,0.038054,0.0024414,0.24137,0.016901,0.017991,0.072293,0.066459,0.4246
0.25391,0.076307,0.073334,0.31426,0.11251,0.21732,0.021693,0.061794,0.01777,0.045893,0.044339,0.042078,0.026151,0.30687,0.051903,0.096981,0.037556,0.129,0.43234
0.019197,0.027838,0.050735,0.053561,0.16961,0.11188,0.035893,0.094305,0.079219,0.05038,0.090977,0.095302,0,0,0.27775,0.0098218,0.41345,0.16968,0.80888
0.0013119,0.0024274,0.081639,0.067382,0.095517,0.057404,0.0060266,0.0069145,0.069105,0.031465,0.047655,0.069452,0,0,0.19842,0.0036195,0.19874,0.0031287,0.55313
0.013002,0.0069042,0.076234,0.052145,0.099664,0.094615,0.012763,0.011445,0.073345,0.041035,0.047878,0.043895,0.00084521,0,0.23647,0.2247,0.24042,0.11217,0.52976
0.35177,0.055254,0.05358,0.13862,0.30575,0.14466,0.064993,0.021232,0.060561,0.041389,0.052414,0.046784,0.30172,0.0055871,0.051032,0.0070554,0.23622,0.029287,0.57066
0.33415,0.023146,0.29085,0.059371,0.2494,0.090589,0.09116,0.013892,0.02236,0.046284,0.037932,0.047936,0.27163,0.0016459,0.014483,0.035411,0.12827,0.047441,0.50587
0.038788,0.0094695,0.3441,0.057765,0.085952,0.052702,0.011262,0.01674,0.037181,0.030647,0.024816,0.024455,0.0081302,0.0071617,0.13162,0.059036,0.031925,0.01024,0.27437
0.031078,0.18718,0.072063,0.17076,0.070078,0.088766,0.014159,0.021734,0.046604,0.048578,0.017807,0.022085,0.0069357,0.022028,0.017457,0.35833,0.010933,0.029479,0.29989
0.018242,0.016846,0.15606,0.56092,0.093383,0.16892,0.0047003,0.061746,0.019964,0.065851,0.047497,0.042431,0.0023623,0.0097298,0.022735,0.37834,0.015563,0.03446,0.49838
0.14586,0.01003,0.055749,0.31809,0.2641,0.13798,0.010841,0.023279,0.034106,0.057373,0.036784,0.05428,0.009539,0.0054293,0.034149,0.32169,0.040012,0.053713,0.47713
0.024371,0.031477,0.05484,0.3242,0.12153,0.083112,0.036546,0.0071815,0.076299,0.050042,0.095545,0.051433,0,0,0.0033508,0.34543,0.37225,0.048525,0.607
0.0085447,0.085432,0.14063,0.16962,0.08034,0.16599,0.012676,0.045933,0.07812,0.069876,0.031886,0.032812,0.0012937,0.25798,0.023173,0.24835,0.0050041,0.27722,0.51084
0.27415,0.037359,0.061984,0.23797,0.14278,0.071151,0.031401,0.022097,0.037483,0.032164,0.026746,0.034623,0.029269,0.017919,0.28626,0.055363,0.12677,0.034113,0.36428
0.023077,0.25276,0.20785,0.038985,0.25272,0.12386,0.099967,0.018362,0.093699,0.013252,0.025754,0.034387,0.016155,0.0041184,0.331,0.005823,0.038832,0.066909,0.43539
0.0020492,0.0050688,0.043018,0.11245,0.062419,0.096986,0.0018936,0.011298,0.051449,0.052139,0.048716,0.049294,0,0.004833,0.013695,0.22793,0.12952,0.37497,0.51892
0.010615,0.013853,0.46019,0.038225,0.16181,0.20342,0.0024953,0.027855,0.074557,0.034477,0.059877,0.073264,0,0,0.25906,0.0018477,0.19366,0.33954,0.6649
0.10366,0.086765,0.12783,0.066118,0.47553,0.29743,0.088965,0.014601,0.025846,0.059824,0.050918,0.065177,0.31743,0,0.0064312,0.073241,0.039059,0.28618,0.74681
0.027998,0.027978,0.050581,0.097283,0.15958,0.095901,0.020629,0.059475,0.16603,0.044963,0.046273,0.062896,0.29781,0.058674,0.008268,0.011479,0.16738,0.053566,0.71181
0.025696,0.18498,0.095875,0.19191,0.085133,0.23007,0.0039193,0.071055,0.067253,0.023479,0.035643,0.024621,0.0064049,0.017489,0.47124,0.12644,0.023845,0.037365,0.40768
0.067686,0.3551,0.17835,0.12872,0.20062,0.19447,0.1374,0.040486,0.070287,0.027697,0.046478,0.055577,0.038736,0.046149,0.01034,0.20073,0.28571,0.044679,0.52559
0.027789,0.011261,0.17326,0.062344,0.017885,0.04728,0.0095778,0.0070529,0.028656,0.018363,0.01284,0.013627,0.015353,0.010308,0.033174,0.0237,0.015654,0.020244,0.18917
0.024845,0.014541,0.28515,0.20277,0.13694,0.11738,0.010322,0.015029,0.099942,0.025291,0.028552,0.046686,0.0034491,0.0079906,0.19319,0.21274,0.017214,0.085604,0.44596
0.21761,0.10975,0.056092,0.070543,0.053528,0.081373,0.036798,0.025017,0.020562,0.025407,0.015606,0.015631,0.045407,0.2437,0.018592,0.064851,0.016971,0.039135,0.23834
0.4755,0.13749,0.060757,0.043008,0.073075,0.080853,0.035202,0.017593,0.039895,0.044162,0.015209,0.021936,0.13018,0.025523,0.010287,0.067206,0.037875,0.060723,0.27883
0.51973,0.13598,0.098961,0.07501,0.13543,0.12795,0.08423,0.040111,0.047586,0.044504,0.032157,0.030871,0.065093,0.019104,0.32607,0.014005,0.045676,0.1049,0.4111
0.01207,0.0024589,0.077617,0.15325,0.10186,0.057219,0.035812,0.018896,0.090866,0.054137,0.04911,0.044099,0.0039524,0,0.31835,0.020653,0.3958,0.026275,0.50234
0.2765,0.01766,0.26121,0.073926,0.17452,0.15509,0.018698,0.0072338,0.049908,0.026571,0.052494,0.043272,0.0060363,0.018094,0.47835,0.009204,0.10145,0.022877,0.49817
0.015932,0.0042887,0.11189,0.088556,0.084404,0.062629,0.019092,0.0030135,0.045254,0.051492,0.064466,0.053603,0.0063225,0.00068331,0.088312,0.0089848,0.59513,0.052804,0.52172
0.0076251,0.0031255,0.061644,0.067478,0.095122,0.081429,0.0081667,0.0077227,0.021379,0.054121,0.064259,0.030377,0.0024074,0.002204,0.0048472,0.013156,0.34549,0.013921,0.51273
0.28922,0.047865,0.14625,0.09968,0.28234,0.28463,0.10378,0.01571,0.06585,0.063968,0.037408,0.050353,0.011977,0.0024149,0.023855,0.0040482,0.22892,0.16118,0.6281
0.045683,0.030225,0.12878,0.11462,0.59732,0.24176,0.017453,0.063694,0.043723,0.045633,0.060854,0.061404,0,0.0031893,0.091032,0.015003,0.15992,0.24614,0.78351
0.11064,0.10505,0.18952,0.12148,0.24605,0.29975,0.064829,0.069289,0.054807,0.033326,0.035089,0.053987,0.015296,0.56641,0.065473,0.036333,0.07685,0.062243,0.56893
0.010532,0.017603,0.044755,0.049945,0.093979,0.10719,0.044283,0.033473,0.24991,0.072601,0.057983,0.041986,0.0048381,0.01373,0.073314,0.30172,0.022399,0.090929,0.50595
0.0087539,0.0051015,0.14933,0.035545,0.15568,0.039345,0.018463,0.0085305,0.090386,0.042832,0.031311,0.048341,0.0050667,0.0020827,0.23843,0.44343,0.026803,0.044147,0.41317
0.0061628,0.14713,0.039255,0.13009,0.098979,0.37665,0.0098141,0.04406,0.051419,0.074006,0.050639,0.064416,0,0.0066315,0.0090639,0.27854,0.074723,0.26669,0.63276
0.26085,0.06825,0.16555,0.10393,0.19234,0.29551,0.043532,0.0592,0.026696,0.041747,0.072234,0.071206,0.0013182,0.013955,0.0010415,0.25984,0.1035,0.30986,0.70441
0.0019368,0.0095364,0.31268,0.069383,0.38494,0.12505,0.006891,0.00082698,0.15038,0.016634,0.064128,0.04673,0,0,0.11281,0.0042822,0.28545,0.24216,0.56839
0.038813,0.022158,0.27429,0.075057,0.48046,0.1022,0.10151,0.0094453,0.076284,0.029631,0.042975,0.038635,0.004227,0.0031918,0.19568,0.060817,0.14714,0.025026,0.50917
0.26664,0.08132,0.43821,0.04688,0.13817,0.14551,0.046655,0.046277,0.065716,0.031606,0.030831,0.04474,0.020036,0.0034753,0.17655,0.012953,0.08361,0.064676,0.43783
0.027704,0.040501,0.14126,0.4868,0.141,0.18892,0.024051,0.017375,0.098649,0.049257,0.045081,0.026826,0.0021094,0.0059932,0.36229,0.036643,0.14471,0.044602,0.48761
0.098405,0.06161,0.11067,0.038949,0.25608,0.14205,0.038557,0.046993,0.33359,0.01887,0.073606,0.053047,0.024512,0.011572,0.46777,0.053414,0.12471,0.039939,0.55745
0.031149,0.055551,0.064496,0.2043,0.086062,0.19501,0.017153,0.030561,0.028766,0.052232,0.028016,0.055523,0.0061073,0.27193,0.0053915,0.50971,0.016732,0.055949,0.46991
0.034805,0.01436,0.057483,0.050694,0.054946,0.042554,0.013343,0.013861,0.050294,0.040873,0.020388,0.019549,0.033417,0.011806,0.41353,0.066068,0.015985,0.015261,0.27236
0.0117,0.010064,0.035316,0.040208,0.017789,0.012731,0.0057856,0.0051594,0.018769,0.015041,0.0080783,0.0073484,0.0065194,0.012221,0.013233,0.035755,0.0024435,0.14589,0.13153
0.083796,0.021453,0.13206,0.091559,0.12376,0.097787,0.055462,0.027699,0.078096,0.038836,0.037815,0.021519,0.59168,0.011947,0.087234,0.053201,0.036577,0.035084,0.45028
0.03994,0.011692,0.080692,0.062057,0.060661,0.032717,0.033917,0.0087285,0.026268,0.024259,0.020293,0.016134,0.21422,0.0057298,0.036248,0.016992,0.018366,0.19932,0.2427
0.51912,0.02403,0.13084,0.093638,0.27059,0.11836,0.080087,0.020878,0.041958,0.055613,0.044409,0.033626,0.12227,0.0080362,0.039195,0.26439,0.083815,0.0475,0.47502
0.1293,0.3136,0.028946,0.067082,0.096412,0.38739,0.022759,0.073507,0.033922,0.044629,0.034494,0.047182,0.014644,0.22144,0.006724,0.021153,0.16292,0.11255,0.49908
0.15283,0.032308,0.12738,0.11238,0.48048,0.19208,0.021942,0.040292,0.055021,0.049028,0.062586,0.068131,0.020897,0.32859,0.060296,0.069199,0.19867,0.090304,0.70892
0.0091433,0.03771,0.080707,0.28382,0.072477,0.10353,0.0086554,0.075683,0.048838,0.4606,0.028701,0.10082,0,0.024148,0.08329,0.17842,0.044677,0.14694,0.49773
0.35022,0.017667,0.052918,0.10546,0.4793,0.16666,0.06941,0.032915,0.052118,0.031953,0.07257,0.036339,0.0050837,0.0094608,0.29336,0.079739,0.14988,0.054214,0.65179
0.058813,0.047969,0.36884,0.13741,0.10582,0.061503,0.022465,0.025986,0.045641,0.030985,0.027915,0.025665,0.24585,0.0058219,0.058,0.046519,0.040241,0.020102,0.32918
0.087976,0.22011,0.32916,0.056875,0.15319,0.099704,0.014622,0.028503,0.065292,0.027248,0.026349,0.030782,0.025585,0.034505,0.044979,0.19607,0.05708,0.092623,0.41076
0.021093,0.10948,0.073361,0.18586,0.054271,0.30182,0.020025,0.044049,0.041916,0.051102,0.032894,0.022738,0.0015607,0.02716,0.037235,0.11439,0.034231,0.081232,0.36028
0.0054843,0.016285,0.041001,0.1357,0.069338,0.054308,0.0071735,0.0074492,0.067663,0.021277,0.03468,0.042342,0.0052378,0.0055478,0.010579,0.24667,0.21505,0.031689,0.37678
0.029749,0.020374,0.099848,0.081122,0.14519,0.064689,0.27882,0.028005,0.10489,0.041519,0.049267,0.038878,0.28487,0.023858,0.068612,0.038746,0.15499,0.080009,0.52568
0.05487,0.00436,0.060343,0.092381,0.12419,0.089389,0.27242,0.0030278,0.053794,0.053614,0.048115,0.039129,0.012719,0.00060066,0.0054176,0.026284,0.27785,0.13498,0.49287
0.081143,0.058371,0.077091,0.38437,0.12605,0.21782,0.23462,0.012948,0.03331,0.034932,0.033706,0.028409,0.011911,0.0079702,0.0096896,0.1866,0.079324,0.13087,0.46091
0.0020331,0.012351,0.21596,0.032496,0.089836,0.083409,0.0036087,0.012153,0.067749,0.022658,0.066796,0.070468,0.0011419,0.0060064,0.10223,0.04575,0.14014,0.48041,0.55101
0.009842,0.056856,0.063713,0.083526,0.086508,0.15094,0.038952,0.29767,0.053256,0.04334,0.052543,0.048556,0.032259,0.30881,0.041615,0.03551,0.10599,0.10923,0.53951
0.090561,0.0019946,0.15083,0.10897,0.3552,0.11546,0.023438,0.011622,0.070445,0.033304,0.040496,0.064252,0.0064165,0,0.011495,0.014846,0.44711,0.027169,0.50022
0.020914,0.012703,0.16953,0.30057,0.10811,0.28103,0.013003,0.0057022,0.028434,0.056574,0.053034,0.040699,0.001515,0,0.01504,0.025862,0.26949,0.11379,0.50513
0.016564,0.060293,0.091307,0.25498,0.036521,0.04727,0.0077127,0.023835,0.024349,0.028082,0.012541,0.018558,0.0089995,0.0050645,0.02734,0.041967,0.22193,0.013745,0.24464
0.034077,0.053431,0.088274,0.096609,0.048674,0.078197,0.025906,0.01871,0.037957,0.035722,0.02601,0.021685,0.011166,0.016119,0.033946,0.037232,0.42906,0.016411,0.28976
0.021185,0.036008,0.058128,0.64757,0.091588,0.21831,0.018069,0.028058,0.039181,0.063611,0.045837,0.068741,0.014561,0.0070339,0.084045,0.091841,0.012461,0.25623,0.5186
0.1037,0.049279,0.18202,0.11495,0.50993,0.12453,0.020809,0.019951,0.0867,0.032779,0.070553,0.046853,0.31357,0.013825,0.04246,0.023914,0.36591,0.055383,0.72516
0.033437,0.010595,0.089902,0.05223,0.092308,0.046996,0.058545,0.0042724,0.10745,0.050575,0.037132,0.042455,0.2573,0.0018347,0.29743,0.01395,0.099776,0.0091453,0.45356
0.33147,0.23989,0.17228,0.11653,0.098307,0.18792,0.020574,0.029749,0.037671,0.035846,0.04241,0.029054,0.051117,0.07557,0.01923,0.041128,0.31769,0.034786,0.45088
0.03067,0.12415,0.16056,0.18491,0.14144,0.28911,0.023797,0.06499,0.13188,0.10775,0.36892,0.58923,0.011196,0.030912,0.062808,0.13962,0.27934,0.31818,0.65284
0.061228,0.051929,0.077545,0.093988,0.072813,0.065961,0.033363,0.048956,0.055092,0.0424,0.024504,0.027991,0.24224,0.26816,0.02424,0.017381,0.039831,0.047863,0.29334
0.014781,0.044267,0.060805,0.057297,0.030723,0.070124,0.0084589,0.043574,0.024618,0.026816,0.020216,0.02707,0.0034376,0.23877,0.044273,0.015723,0.023432,0.19864,0.2823
0.10991,0.023122,0.093709,0.057957,0.081694,0.12579,0.0222,0.018148,0.27366,0.052758,0.046812,0.034052,0.01274,0.01288,0.060533,0.05294,0.30823,0.030425,0.48184
0.015117,0.062308,0.042012,0.095304,0.079603,0.10471,0.023861,0.27155,0.02562,0.061299,0.041696,0.038425,0.0022735,0.039969,0.029243,0.019733,0.052622,0.38383,0.52439
0.032472,0.039826,0.048594,0.48791,0.10887,0.19337,0.052349,0.030166,0.069825,0.054537,0.026812,0.038401,0.3188,0.020219,0.023569,0.20701,0.039786,0.12058,0.47717
0.010338,0.032733,0.054018,0.34858,0.036024,0.089123,0.0041377,0.01257,0.049896,0.039222,0.015341,0.025766,0.0024029,0.0039159,0.063335,0.15968,0.003594,0.047603,0.28188
0.061038,0.059419,0.19201,0.10715,0.23118,0.45944,0.033346,0.05507,0.050306,0.04061,0.067708,0.048382,0.30617,0.016954,0.057817,0.02879,0.27436,0.066257,0.73408
0.042094,0.061941,0.073216,0.36244,0.14165,0.20524,0.010948,0.054486,0.026615,0.083551,0.033115,0.054209,0.0029758,0.014015,0.013697,0.63523,0.076653,0.047542,0.50405
0.023721,0.024561,0.044855,0.055129,0.011892,0.017201,0.0045977,0.011716,0.013234,0.015714,0.0081491,0.0078652,0.0061656,0.16811,0.017524,0.021384,0.0037941,0.0033216,0.11908
0.049122,0.048336,0.23442,0.062593,0.068339,0.05435,0.019833,0.037661,0.047931,0.018197,0.021069,0.018033,0.011376,0.24108,0.13476,0.017974,0.037449,0.0075299,0.27812
0.011246,0.04782,0.04874,0.083079,0.037876,0.045213,0.0040983,0.010762,0.1815,0.019269,0.017566,0.018262,0.0060527,0.014728,0.084433,0.075978,0.011047,0.025773,0.23758
0.021814,0.067703,0.081062,0.071427,0.064097,0.07787,0.014621,0.031923,0.024254,0.032215,0.024564,0.018862,0.020043,0.015993,0.21185,0.21033,0.015261,0.025469,0.28613
0.037116,0.062716,0.12012,0.082672,0.10413,0.091994,0.015095,0.25338,0.062256,0.034374,0.028165,0.036493,0.018577,0.021589,0.30277,0.0089936,0.076711,0.08389,0.46323
0.014738,0.020015,0.11145,0.080341,0.12675,0.15801,0.0072847,0.042214,0.06426,0.043733,0.073842,0.077916,0,0.0053102,0.0011251,0.0061505,0.10651,0.72541,0.77189
0.40535,0.035958,0.08586,0.087047,0.3974,0.1066,0.1141,0.014921,0.029432,0.05106,0.058493,0.056107,0.13773,0.02204,0.0048006,0.015996,0.18211,0.35965,0.57606
0.0449,0.017657,0.19915,0.1186,0.26092,0.236,0.034514,0.011129,0.05789,0.039136,0.089984,0.071564,0,0,0.019484,0,0.78551,0.079305,0.84284
